{
  "pca": {
    "pca_evr": [
      0.6707778549583292,
      0.27333939215614445
    ]
  },
  "ca": {
    "ca_prop": [
      0.0,
      0.0
    ]
  },
  "mds": {
    "mds_eig": [
      10.732444927097525,
      4.37342996796514
    ]
  },
  "kmeans": {
    "kmeans_k": 3,
    "kmeans_assign": {
      "deepseek-r1:8b": 1,
      "gemma3:4b": 2,
      "qwen3:4b": 2,
      "qwen3:8b": 0
    }
  },
  "cca": {
    "cca_corr": 0.9999999999999998
  }
}