model,experiment_id,task_type,throughput_tps,latency_s,latency_per_token_ms,ttft_s,token_count,cpu_percent_avg,cpu_percent_peak,mem_used_avg_mb,mem_used_peak_mb,gpu_util_avg,gpu_util_peak,gpu_mem_avg_mb,gpu_mem_peak_mb,gpu_power_avg_w,gpu_power_peak_w,gpu_energy_j,gpu_temp_avg_c,cpu_energy_j,response_length,avg_response_length,temperature,max_tokens,norm_throughput,norm_latency,norm_energy,norm_gpu_util,efficiency_score,norm_quality,qe_ratio
deepseek_8b_ol_q4km,exp_20260303_203028_2759390320288,code,36.59415426917279,18.582202911376953,27.32676898731905,8.273946285247803,680,10.726136363636364,37.3,9612.993119673296,9792.125,77.01136363636364,95,5317.202769886364,5688.6171875,74.49734090909091,90.11,1387.4209912241702,47.84090909090909,90.70185671210295,1866,1866.0,0.1,1200,0.5081435489464559,0.9610799876382812,0.8994960006376539,0.7962870541749989,0.7614302160613629,0.324478878435713,1.3456135863974668
deepseek_8b_ol_q4km,exp_20260303_203049_2759390320288,code,42.11659194626256,15.195911407470703,23.743611574172974,,640,9.145205479452057,18.7,9682.46281035959,9719.00390625,87.20547945205479,100,5690.562392979452,5690.6171875,80.01702739726028,91.339,1227.8423734190465,53.26027397260274,63.0250025331974,2831,2831.0,0.1,640,0.5921901676783144,0.9705846352687661,0.9133825843491882,0.9388529144296126,0.8020662329567121,0.5024903154399557,2.4646805698146412
deepseek_8b_ol_q4km,exp_20260303_203106_2759390320288,code,42.17617606221415,15.174443483352661,23.710067942738533,,640,8.972602739726028,16.4,9738.135380993152,9762.52734375,88.38356164383562,95,5690.6171875,5690.6171875,81.72254794520549,97.514,1247.139268784642,55.19178082191781,62.129207233786566,2451,2451.0,0.1,640,0.5930969852412601,0.9706448914675797,0.9117033621792462,0.9553285268474502,0.8019432701905519,0.4323925475004612,2.1263073196701354
deepseek_8b_ol_q4km,exp_20260303_203123_2759390320288,code,42.607184278245384,18.77617621421814,23.470220267772675,7.784754276275635,800,9.475555555555557,20.7,9719.16796875,9775.9140625,91.57777777777778,100,5690.6171875,5690.6171875,83.22172222222221,92.317,1571.7011238927837,56.733333333333334,80.60579222738745,1958,1958.0,0.1,800,0.5996565492094253,0.9605355431062319,0.8834598829931182,1.0,0.7930612475135752,0.34144991698948535,1.6200421223104329
deepseek_8b_ol_q4km,exp_20260303_203144_2759390320288,code,42.3071096009601,18.909351348876953,23.63668918609619,,800,9.113333333333333,24.8,9715.630598958332,9755.05859375,90.6,100,5690.6171875,5690.6171875,83.61085555555556,92.932,1591.895764991403,58.022222222222226,78.29928181171421,2305,2305.0,0.1,800,0.5950896779348956,0.9601617469558962,0.881702538694756,0.9863256674196139,0.7905951568691539,0.4054602471868659,1.893578287782365
deepseek_8b_ol_q4km,exp_20260303_203205_2759390320288,creative,40.27543508453582,9.50951862335205,24.829030348177678,8.206652641296387,383,8.673913043478262,19.0,9761.953209918478,9776.53125,84.93478260869566,95,5690.6171875,5690.6171875,75.48904347826087,91.904,721.1956429157257,57.630434782608695,37.72546914696693,56,56.0,0.8,500,0.5914863907395272,0.9376873342304128,0.84613903256945,0.9147796110562931,0.7717424663357697,0.06140350877192982,0.2996904554235703
deepseek_8b_ol_q4km,exp_20260303_203217_2759390320288,creative,41.52557044250039,11.848121404647827,24.081547570422412,8.163229703903198,492,10.156140350877193,19.7,9728.375616776315,9754.39453125,88.43859649122807,100,5690.6171875,5690.6171875,79.7792105263158,92.699,952.5488146685362,57.8421052631579,54.953638429641714,238,238.0,0.8,500,0.6109562477261063,0.9216280002249234,0.7961163440842111,0.9711466255411582,0.7597058023831829,0.26096491228070173,1.0825856726232623
deepseek_8b_ol_q4km,exp_20260303_203231_2759390320288,creative,41.43159922422434,12.06808352470398,24.13616704940796,,500,9.250000000000002,17.3,9727.691473599138,9750.15625,84.8103448275862,94,5690.6171875,5690.6171875,79.53353448275861,92.873,965.9006110287905,58.3448275862069,50.93426156938077,765,765.0,0.8,500,0.6094927212615256,0.9201175063596163,0.7932294472027585,0.9127777392544749,0.7578011745733226,0.8388157894736842,3.365661152614937
deepseek_8b_ol_q4km,exp_20260303_203246_2759390320288,creative,40.184462126199826,8.411211252212524,24.885240391161314,6.742807865142822,338,8.339024390243901,13.7,9728.302210365853,9746.3984375,86.53658536585365,100,5690.6171875,5690.6171875,76.17214634146342,97.544,643.7691781231165,57.78048780487805,32.1597100031376,99,99.0,0.8,500,0.5900695597722536,0.9452294807868485,0.862880017356865,0.9405483425704695,0.7784606733520154,0.10855263157894737,0.51201941931526
deepseek_8b_ol_q4km,exp_20260303_203256_2759390320288,creative,40.42063128036176,9.895936489105225,24.73984122276306,,400,10.479166666666666,20.5,9741.293538411459,9782.1796875,89.75,100,5690.6171875,5690.6171875,80.00164583333334,94.488,796.4521158936025,58.041666666666664,47.603489640355114,606,606.0,0.8,400,0.5937477052041698,0.9350337781748692,0.8298672387757935,0.992243608158575,0.7669693871668668,0.6644736842105263,2.7752622451461515
deepseek_8b_ol_q4km,exp_20260303_203308_2759390320288,math,40.83235005877256,9.796154260635376,24.49038565158844,,400,8.827659574468086,13.7,9736.538065159575,9763.8046875,88.1063829787234,99,5690.6171875,5690.6171875,77.34455319148937,93.76,769.441123292327,58.212765957446805,39.631304034590705,1358,1358.0,0.0,400,0.5903542368667105,0.8873190573991306,0.5892635589410931,0.9832347445466465,0.6791164796487513,0.49007578491519305,1.5113348177157286
deepseek_8b_ol_q4km,exp_20260303_203320_2759390320288,math,41.03265866046493,9.748332500457764,24.37083125114441,,400,9.740425531914893,23.1,9725.799035904256,9760.2734375,85.59574468085107,95,5690.6171875,5690.6171875,78.28427659574467,93.091,767.8798389544487,58.5531914893617,43.685812844038004,1156,1156.0,0.0,400,0.5933632088426399,0.8879067753190951,0.5901057125410425,0.9552169469478771,0.6807490298950972,0.4171779141104294,1.29742340310896
deepseek_8b_ol_q4km,exp_20260303_203332_2759390320288,math,39.76640824680739,8.046992778778076,25.146852433681488,7.1312456130981445,320,7.576923076923078,12.4,9684.76782852564,9735.72265625,80.76923076923077,94,5690.6171875,5690.6171875,74.17648717948717,92.447,603.0929842444658,58.12820512820513,28.174278590083116,68,68.0,0.0,320,0.5743419986848451,0.9088158309177337,0.6789914071909479,0.901354831485836,0.7060789709065425,0.024539877300613498,0.11364753996668088
deepseek_8b_ol_q4km,exp_20260303_203343_2759390320288,math,41.754740040663286,14.36962604522705,23.949376742045086,,600,8.185507246376812,13.7,9665.938575634058,9678.515625,88.6086956521739,100,5690.6171875,5690.6171875,82.10292753623192,94.428,1186.5538998577595,59.15942028985507,53.57848770439624,1973,1973.0,0.0,600,0.6042100852074109,0.8311121901848497,0.3642737746672193,0.9888403687530325,0.6002998235385851,0.7120173222663299,1.76230659332979
deepseek_8b_ol_q4km,exp_20260303_203359_2759390320288,math,40.07177214127536,7.985671281814575,24.955222755670547,,320,8.974358974358974,18.7,9694.914963942309,9727.88671875,84.12820512820512,95,5690.6171875,5690.6171875,76.59071794871797,93.43,622.1646196099518,58.64102564102564,32.78070143401624,871,871.0,0.0,320,0.5789290777875484,0.9095694573528678,0.6687042058207027,0.9388397467000087,0.7050537300670905,0.31432695777697583,1.063554434846277
deepseek_8b_ol_q4km,exp_20260303_203410_2759390320288,multi_turn,39.89780488279426,16.56732749938965,25.06403555127027,6.124746799468994,661,8.88625,21.4,9708.66826171875,9731.62890625,84.9125,95,5691.0921875,5692.6171875,80.4120625,93.973,1336.2266372513768,59.1125,66.9496870994568,27,44.25,0.2,300,0.5265757088354472,0.966324245673372,0.7451900150322837,0.9359230254384042,0.7240845617458755,0.016073478760045924,0.09119297271688967
deepseek_8b_ol_q4km,exp_20260303_203428_2759390320288,multi_turn,38.41889259126259,18.740779638290405,26.028860608736675,6.366345643997192,720,8.66067415730337,17.3,9729.518126755618,9763.640625,79.02247191011236,95,5692.6171875,5692.6171875,81.41404494382022,93.725,1539.4972560607196,59.31460674157304,73.77940799474716,94,68.66666666666667,0.7,240,0.5028139675728004,0.953300785928392,0.692431964159169,0.8599338197125603,0.6948454120553884,0.09299655568312284,0.3268128075013919
deepseek_8b_ol_q4km,exp_20260303_203449_2759390320288,multi_turn,39.199475259811656,22.95949101448059,25.5105455716451,13.68646788597107,900,10.105504587155961,31.0,9758.667753727064,9809.1640625,83.72477064220183,100,5692.6171875,5692.6171875,82.9782844036697,108.556,1917.7741310958854,60.211009174311926,105.2650725477934,125,246.0,0.7,300,0.515355619643972,0.9280220062395559,0.5942517611660993,0.9205997351010791,0.6628243780792854,0.1285878300803674,0.39918652500323615
deepseek_8b_ol_q4km,exp_20260303_203514_2759390320288,multi_turn,41.47548569763375,17.359652042388916,24.110627836651272,,720,9.036144578313255,17.0,9782.154791039156,9832.8984375,85.5421686746988,97,5692.6171875,5692.6171875,82.48990361445783,94.879,1444.0611479864122,61.51807228915663,71.38087752163412,428,425.3333333333333,0.7,240,0.551924367800498,0.9615765879697478,0.7172020124544367,0.9440465898307295,0.7244033272474546,0.4764638346727899,1.7033245870279639
deepseek_8b_ol_q4km,exp_20260303_203534_2759390320288,multi_turn,42.00110376272145,28.95162010192871,23.808898110138742,3.2782199382781982,1216,10.227737226277373,29.0,9496.694257527372,9818.7734375,88.77372262773723,100,5692.6171875,5692.6171875,87.19193430656934,108.643,2538.8133796120883,62.44525547445255,134.14809989333153,607,465.6666666666667,0.2,450,0.5603694936792287,0.892116797856834,0.4330635852293179,0.9857379390745811,0.621701912397537,0.6819747416762342,1.7820709495347125
deepseek_8b_ol_q4km,exp_20260303_203605_2759390320288,qa,40.267769257508085,7.450127124786377,24.833757082621258,,300,13.066666666666668,22.8,9599.753689236111,9616.6015625,85.88888888888889,95,5692.6171875,5692.6171875,81.30822222222224,97.621,613.2309931582212,61.72222222222222,44.824035737514485,1201,1201.0,0.0,300,0.5955179761331918,0.877058957650861,0.3866479378699796,0.9804567964894805,0.6173192591095288,0.8439597315436241,2.174692167502596
deepseek_8b_ol_q4km,exp_20260303_203615_2759390320288,qa,36.53286118714919,5.474523305892944,27.37261652946472,,200,8.174074074074072,15.1,9584.37745949074,9606.73046875,75.88888888888889,93,5692.6171875,5692.6171875,66.17977777777779,95.943,367.0184295779465,59.25925925925926,20.845822911858562,986,986.0,0.0,200,0.5279553241167975,0.9308353525887657,0.6658598818146804,0.798261194040814,0.6901906999677528,0.6635906040268457,2.106225816319056
deepseek_8b_ol_q4km,exp_20260303_203623_2759390320288,qa,36.02745446945988,5.551321983337402,27.75660991668701,,200,9.370370370370368,20.2,9601.27806712963,9635.27734375,79.85185185185185,100,5692.6171875,5692.6171875,64.2627037037037,97.715,365.14742610108857,58.18518518518518,24.27695400953293,994,994.0,0.0,200,0.518812764902292,0.9287448747462622,0.6679816521675183,0.8704646364926929,0.6865430640350509,0.6703020134228188,2.103222833646513
deepseek_8b_ol_q4km,exp_20260303_203630_2759390320288,qa,39.348697726618795,7.624140501022339,25.413801670074463,,300,8.154054054054052,11.3,9578.499894425675,9590.6015625,83.43243243243244,95,5692.6171875,5692.6171875,73.2994864864865,94.259,564.3547476413252,59.027027027027025,28.509762083888052,1229,1229.0,0.0,300,0.5788924236832004,0.8723222731215787,0.4420749693952885,0.9357012400921805,0.6258761422283403,0.8674496644295302,2.284288379065289
deepseek_8b_ol_q4km,exp_20260303_203640_2759390320288,qa,37.565436392259876,5.324043035507202,26.62021517753601,,200,7.138461538461538,15.2,9575.244741586539,9586.94921875,75.46153846153847,95,5692.6171875,5692.6171875,68.17561538461538,92.634,363.6952183983326,57.96153846153846,17.741056247949604,968,968.0,0.0,200,0.5466341022686106,0.9349314605094109,0.6696284963813219,0.7904750571840334,0.7000216279746642,0.6484899328859061,2.1243092819136584
deepseek_8b_ol_q4km,exp_20260303_203648_2759390320288,reasoning,42.173738785906664,14.226862907409668,23.711438179016113,,600,8.627941176470587,19.8,9568.702263327206,9611.71484375,88.1029411764706,95,5692.6171875,5692.6171875,82.6745,93.277,1182.653650460124,59.6764705882353,55.886553323864945,948,948.0,0.1,600,0.5740530288713585,0.8314932341651243,0.3670509506390567,0.9535525601259124,0.5891844669897977,0.901846452866861,2.166855501611805
deepseek_8b_ol_q4km,exp_20260303_203704_2759390320288,reasoning,40.75573129961362,7.851656436920166,24.53642636537552,,320,8.376315789473685,13.7,9569.820415296053,9576.24609375,88.94736842105263,100,5692.6171875,5692.6171875,77.58892105263158,93.394,614.711220369935,59.26315789473684,29.803133988976484,534,534.0,0.1,320,0.5507922263923555,0.9156654999809901,0.6765514223372734,0.9672277627255432,0.6979819672524212,0.49951409135082603,1.6329636042639264
deepseek_8b_ol_q4km,exp_20260303_203714_2759390320288,reasoning,40.24444569872725,9.939259767532349,24.84814941883087,,400,9.058333333333334,19.3,9564.892333984375,9604.0234375,83.58333333333333,95,5692.6171875,5692.6171875,76.41220833333334,93.948,770.2551224570277,58.958333333333336,41.19088602125645,638,638.0,0.1,400,0.5424051667417278,0.8881027373825133,0.5917877059548019,0.8803590987325927,0.6609291996978857,0.6005830903790087,1.7491669021028406
deepseek_8b_ol_q4km,exp_20260303_203727_2759390320288,reasoning,40.83870649924847,7.835703611373901,24.48657378554344,,320,9.734210526315788,26.9,9570.485300164473,9612.0234375,84.42105263157895,96,5692.6171875,5692.6171875,79.96318421052631,95.14,631.9044879963398,58.921052631578945,35.1022537636757,461,461.0,0.1,320,0.5521533403131342,0.9158761261746059,0.6671819437449434,0.8939256684976405,0.6957787571011185,0.42857142857142855,1.3957408624742909
deepseek_8b_ol_q4km,exp_20260303_203737_2759390320288,reasoning,41.719587801754415,9.587822437286377,23.969556093215942,,400,7.315217391304347,10.6,9529.401579483696,9547.80078125,85.28260869565217,97,5692.6171875,5692.6171875,78.85878260869568,93.152,761.9886030586955,59.15217391304348,32.039260842204094,628,628.0,0.1,400,0.566603197724397,0.8927427873190937,0.5962925492585149,0.9078782663120012,0.6733518800630414,0.5908649173955296,1.7848456052808157
deepseek_8b_ol_q4km,exp_20260303_203749_2759390320288,summary,37.84692894883145,6.605555772781372,26.42222309112549,,250,7.521875,15.6,9525.794677734375,9529.0625,81.5625,95,5692.6171875,5692.6171875,72.18184375,92.195,481.34036925899983,58.3125,23.033063952326774,418,418.0,0.7,250,0.6406330472456697,0.8286698893933668,0.42576841391189474,0.9383296460176992,0.6325847098898464,0.5971428571428572,1.6086864338899851
deepseek_8b_ol_q4km,exp_20260303_203757_2759390320288,summary,37.774410889337375,5.294589519500732,26.472947597503662,,200,7.788461538461537,19.6,9532.73046875,9568.33203125,86.92307692307692,100,5692.6171875,5692.6171875,78.61161538461539,93.974,420.69151024651524,57.92307692307692,19.224184226989742,338,338.0,0.7,200,0.6393539925508672,0.8663430625367751,0.4988547749920029,1.0,0.6653009482789802,0.4828571428571429,1.4298186792113197
deepseek_8b_ol_q4km,exp_20260303_203805_2759390320288,summary,39.5469130996849,6.321605920791626,25.286423683166504,,250,8.070967741935483,11.4,9573.83505544355,9585.45703125,78.25806451612904,95,5692.6171875,5692.6171875,70.80358064516129,92.88,458.7605386092663,57.54838709677419,23.48322508335114,410,410.0,0.7,250,0.6706169260809366,0.8368297424111583,0.4529787799907423,0.9003140165572368,0.6551893271529448,0.5857142857142857,1.6789638286080375
deepseek_8b_ol_q4km,exp_20260303_203813_2759390320288,summary,39.30789677583523,6.3600451946258545,25.440180778503418,,250,7.332258064516129,12.0,9567.373487903225,9602.7421875,78.12903225806451,95,5692.6171875,5692.6171875,71.85706451612903,92.419,460.3146758474111,57.225806451612904,21.626214682459832,449,449.0,0.7,250,0.6664012182519187,0.8357251148778103,0.45110592966503854,0.8988295746502998,0.6526098006636222,0.6414285714285715,1.8227376482012674
deepseek_8b_ol_q4km,exp_20260303_203822_2759390320288,summary,36.35299458189827,5.501610040664673,27.508050203323364,,200,8.077777777777778,17.4,9566.981047453704,9590.5859375,83.70370370370371,95,5692.6171875,5692.6171875,67.09322222222224,91.715,373.8309465743303,56.2962962962963,19.958014887571334,339,339.0,0.7,200,0.6142834209721088,0.8603939239387899,0.5553252203182323,0.962962962962963,0.6704291116659502,0.48428571428571426,1.4556186388965864
deepseek_8b_ol_q4km,exp_20260303_203830_2759390320288,translation,36.52063959660514,6.4073357582092285,27.381776744483883,5.701661825180054,234,8.15806451612903,14.6,9567.06161794355,9582.83203125,84.70967741935483,100,5692.6171875,5692.6171875,69.03358064516131,92.084,451.543661518693,56.225806451612904,24.118816148042683,21,21.0,0.2,300,0.5408611031989523,0.8765073994423717,0.5569213228427051,0.9294644554346485,0.6463730579651039,0.0020013342228152103,0.033004524240295374
deepseek_8b_ol_q4km,exp_20260303_203838_2759390320288,translation,40.121066711482236,7.402594804763794,24.924561632201325,6.757485628128052,297,7.841666666666667,16.7,9424.324001736111,9537.04296875,79.33333333333333,93,5692.6171875,5692.6171875,73.9726388888889,92.444,552.3113234004975,57.138888888888886,26.612449555993084,22,22.0,0.2,300,0.6079528691840379,0.8505563881688147,0.44969057633019305,0.8427581929080947,0.6332552370233175,0.00266844563042028,0.03362606962423618
deepseek_8b_ol_q4km,exp_20260303_203848_2759390320288,translation,40.13577697164652,7.449712514877319,24.915426471161602,6.833568096160889,299,7.305555555555554,14.2,9372.957465277777,9383.1015625,85.91666666666667,96,5692.6171875,5692.6171875,74.27325,92.102,556.5276129114627,57.0,25.146335118412964,77,77.0,0.2,300,0.6082269859210339,0.849327811316815,0.44520386042024185,0.94893001137186,0.6316502958895306,0.03935957304869913,0.1304601867331903
deepseek_8b_ol_q4km,exp_20260303_203858_2759390320288,translation,39.28973694419147,6.1084654331207275,25.451939304669697,,240,8.413333333333334,19.1,9371.597786458333,9403.328125,85.26666666666667,100,5692.6171875,5692.6171875,72.83679999999998,92.582,448.642308637023,56.4,23.834149662852287,406,406.0,0.2,240,0.592461545398301,0.884300332551147,0.5600087640871257,0.9384472242323996,0.6702773471508022,0.25883922615076715,0.7913491311105014
deepseek_8b_ol_q4km,exp_20260303_203906_2759390320288,translation,31.783603643369286,7.582525968551636,31.46276335498604,7.033127784729004,241,7.675675675675675,15.7,9431.653927364865,9473.03125,65.83783783783784,97,5692.6171875,5692.6171875,59.825378378378375,92.097,458.32915873968597,54.21621621621622,26.926065439581873,18,18.0,0.2,300,0.4525893239080427,0.8458647496691827,0.549700614146307,0.6251114134914404,0.5997053387078639,0.0,0.024372727562447728
gemma_2b_hf_4bit,exp_20260303_190201_2518223083168,code,16.832209122504466,20.912287712097168,59.40990827300332,,352,12.871717171717169,34.5,11440.69144570707,15179.4296875,25.727272727272727,43,2134.9930555555557,2560.6171875,28.9820202020202,45.04,592.8439809533357,38.77777777777778,120.32651312291624,1112,1112.0,0.1,1200,0.2073842165175174,0.9545399024287098,0.9686403529334054,0.079073254565576,0.6599077632156415,0.1853901494189264,0.5581104888631911
gemma_2b_hf_4bit,exp_20260303_190224_2518223083168,code,22.064024634509554,19.08083438873291,45.32264700411618,,421,10.406451612903227,21.3,10674.060231854839,10731.046875,36.1505376344086,73,2744.2300907258063,2752.6171875,27.355408602150526,41.01,522.869536408663,40.67741935483871,90.15407003939154,1329,1329.0,0.1,640,0.28700782285301496,0.9596804281247929,0.9747295520705,0.22484379072725516,0.6951261231997938,0.22541966426858512,0.7476633713185539
gemma_2b_hf_4bit,exp_20260303_190246_2518223083168,code,23.512101822227795,27.262556314468384,42.531289102134764,,641,11.169924812030075,31.2,10578.74647556391,10675.4375,33.08270676691729,49,2753.2788416353383,2758.6171875,32.206007518796994,46.448,881.2742751357553,41.80451127819549,137.39032173871996,2586,2586.0,0.1,640,0.3090462773194842,0.9367159598192664,0.9435410540411323,0.1819398297906584,0.6876956150859133,0.45729570190001845,1.4498583443864113
gemma_2b_hf_4bit,exp_20260303_190315_2518223083168,code,27.76264437171623,7.023826599121094,36.01962358523638,,195,11.522857142857143,19.3,10350.274665178571,10544.05859375,37.4,54,2758.6171875,2758.6171875,37.98260000000001,44.481,267.8857099246979,43.65714285714286,37.24230796158314,556,556.0,0.1,800,0.3737357767668837,0.9935220541000166,0.9969183283630795,0.24231766293224985,0.7466264254456823,0.08282604685482384,0.35245011581706553
gemma_2b_hf_4bit,exp_20260303_190324_2518223083168,code,25.845020516430306,18.2627055644989,38.69217280614174,,472,11.195505617977528,25.0,10285.57426264045,10345.23828125,37.20224719101124,100,3027.5610077247193,3030.6171875,39.45121348314606,47.32,722.9642353719473,44.53932584269663,92.79945039868358,1644,1644.0,0.1,800,0.3445512371739866,0.9619767532290308,0.9573172456750333,0.23955206757891342,0.7136086945408138,0.2835270245342188,0.9903361506487853
gemma_2b_hf_4bit,exp_20260303_190345_2518223083168,creative,22.86783172497193,3.1047980785369873,43.7295504019294,,71,9.58125,18.1,10298.402099609375,10307.8046875,38.75,92,3030.6171875,3030.6171875,26.198249999999998,41.611,81.30301888513564,43.0625,13.751435610651969,79,79.0,0.8,500,0.32037690988968615,0.9816689574729951,0.9844952485373235,0.17178971559896578,0.71800002575897,0.08662280701754387,0.330900053223248
gemma_2b_hf_4bit,exp_20260303_190350_2518223083168,creative,22.496227197260524,4.134026527404785,44.45189814413747,,93,9.60952380952381,18.9,10290.948474702382,10296.69140625,32.38095238095238,48,3030.6171875,3030.6171875,29.15247619047619,41.161,122.47863901484014,42.42857142857143,18.520091292858123,311,311.0,0.8,500,0.3145894669827946,0.974601180268368,0.9755923439290588,0.0693287369529828,0.7108938440523458,0.34100877192982454,1.1735257364320302
gemma_2b_hf_4bit,exp_20260303_190357_2518223083168,creative,2.2968278801771396,0.4353830814361572,435.3830814361572,,1,1.5999999999999999,4.8,10301.303385416666,10305.40234375,64.0,96,3030.6171875,3030.6171875,21.046000000000003,24.971,9.594089662194254,40.0,0.4702137279510499,0,0.0,0.8,500,0.0,1.0,1.0,0.5779948290721056,0.6,0.0,0.024390243902439022
gemma_2b_hf_4bit,exp_20260303_190359_2518223083168,creative,21.728624456650344,2.7153122425079346,46.02224139843957,,59,9.842857142857143,17.6,10299.57142857143,10316.4296875,28.071428571428573,43,3030.6171875,3030.6171875,26.798357142857146,43.459,74.74656730377676,41.857142857142854,12.736762699484826,98,98.0,0.8,500,0.30263466905873654,0.9843435814755083,0.9859128704896747,0.0,0.7121308032130496,0.1074561403508772,0.3943212041320511
gemma_2b_hf_4bit,exp_20260303_190404_2518223083168,creative,27.084094293992788,4.578332901000977,36.92203952420142,,124,11.713043478260872,18.1,10298.199898097826,10310.47265625,32.78260869565217,48,3030.6171875,3030.6171875,33.591913043478264,44.423,157.0245756593943,42.69565217391305,25.114851745963097,170,170.0,0.8,400,0.3860418226638993,0.9715501001484702,0.9681228953189153,0.07579031512683755,0.7363186277057754,0.18640350877192982,0.7176356473424277
gemma_2b_hf_4bit,exp_20260303_190411_2518223083168,math,27.881448134174207,5.810315132141113,35.86614279099452,,162,10.551724137931034,15.8,10326.089574353447,10332.91796875,43.96551724137931,99,3030.6171875,3030.6171875,37.822137931034476,45.656,223.95933579087256,43.03448275862069,28.51598989963532,459,459.0,0.0,400,0.3958099156299493,0.9363040607367569,0.8834953269196197,0.49063895999598456,0.7042637825488927,0.1656441717791411,0.5744957965512533
gemma_2b_hf_4bit,exp_20260303_190419_2518223083168,math,22.13271785365227,2.078371047973633,45.181979303774625,,46,8.445454545454545,13.8,10328.357599431818,10336.41796875,46.81818181818182,97,3030.6171875,3030.6171875,28.723454545454548,44.449,59.23873720276356,42.45454545454545,8.538221379518507,161,161.0,0.0,400,0.3094543214861044,0.9821687551023417,0.9723452831519921,0.5224736447443872,0.7101359400707419,0.058101768314687836,0.22710880500568803
gemma_2b_hf_4bit,exp_20260303_190423_2518223083168,math,1.593705887963073,0.6274683475494385,627.4683475494385,,1,6.824999999999999,14.5,10332.3349609375,10334.19921875,0.0,0,3030.6171875,3030.6171875,13.583,14.037,8.523508503675462,39.0,2.272177818417549,0,0.0,0.0,320,0.000923829555702389,1.0,0.9997009744793185,0.0,0.6002798241660765,0.0,0.024406901563113193
gemma_2b_hf_4bit,exp_20260303_190426_2518223083168,math,25.001892361453418,3.1197638511657715,39.996972450843224,,78,10.64375,17.3,10342.611328125,10368.46875,31.5,42,3030.6171875,3030.6171875,31.632687499999996,44.17,101.15949116981031,41.8125,15.80389435529709,223,223.0,0.0,600,0.3525541465314789,0.9693702882561853,0.9497333136282908,0.351528384279476,0.7167527391779344,0.08047636232407074,0.3085326767262433
gemma_2b_hf_4bit,exp_20260303_190432_2518223083168,math,26.137682006637743,4.17022442817688,38.25893970804477,,109,11.976190476190478,20.9,10326.84765625,10357.60546875,41.04761904761905,91,3030.6171875,3030.6171875,33.472333333333324,44.331,142.97504542303085,42.04761904761905,23.236207580566408,283,283.0,0.0,320,0.36961561660333864,0.9564603806527711,0.9271780886165039,0.45807629213742757,0.7129377874221179,0.10212919523637676,0.3774603113042503
gemma_2b_hf_4bit,exp_20260303_190438_2518223083168,multi_turn,29.238758829182903,18.537038564682007,34.201178163619936,,542,12.260439560439561,25.1,10303.134014423076,10338.12109375,41.505494505494504,99,3030.6171875,3030.6171875,42.338109890109884,48.31,787.8339101461173,44.05494505494506,103.14261044383048,422,251.0,0.2,300,0.35531640165216705,0.954521615052276,0.887523085913532,0.3759148522808229,0.6947399709506092,0.4695752009184845,1.5212052170538595
gemma_2b_hf_4bit,exp_20260303_190459_2518223083168,multi_turn,28.634955331182386,12.013289213180542,34.92235236389693,,344,11.049152542372882,22.0,10331.897643008475,10353.53515625,37.08474576271186,56,3030.6171875,3030.6171875,39.56338983050848,46.492,479.22706665611264,44.813559322033896,60.5403965127468,407,218.66666666666666,0.7,240,0.34561506738432474,0.9936123249625429,0.9676207195214083,0.31888130667612197,0.7266159402989152,0.452353616532721,1.631544191372
gemma_2b_hf_4bit,exp_20260303_190513_2518223083168,multi_turn,28.70690830389835,15.32732105255127,34.83482057398016,,440,11.634666666666666,27.3,10339.165625,10371.29296875,41.306666666666665,99,3030.6171875,3030.6171875,41.80093333333333,47.956,645.1268592519764,45.38666666666666,81.18667232215402,470,228.0,0.7,300,0.34677113859324293,0.973754441054662,0.9245621124837567,0.3733497083938772,0.7082034214988228,0.5246842709529277,1.7716710825826743
gemma_2b_hf_4bit,exp_20260303_190531_2518223083168,multi_turn,21.258646052922785,23.896159648895264,47.039684348219026,,508,9.7,19.5,10305.067441239316,10360.7109375,36.30769230769231,100,3030.6171875,3030.6171875,25.696649572649576,34.23,615.6211063858274,42.572649572649574,105.00477053046227,116,296.3333333333333,0.7,240,0.22709961954681962,0.9224094298058026,0.9322202089655799,0.30885628235495866,0.6472287394501426,0.1182548794489093,0.3535420067579544
gemma_2b_hf_4bit,exp_20260303_190557_2518223083168,multi_turn,27.665921097632758,13.04854440689087,36.145552373658916,,361,11.654687500000001,30.2,10362.40234375,10408.078125,37.734375,64,3030.6171875,3030.6171875,40.213453125,49.534,529.5125045144558,44.4375,69.28080561876297,97,174.33333333333334,0.2,450,0.33004555669454183,0.9874090117633451,0.9545693414902543,0.32726238890602916,0.7146117286538964,0.09644087256027555,0.3603422440410974
gemma_2b_hf_4bit,exp_20260303_190612_2518223083168,qa,26.41640209088768,3.747671604156494,37.855268728853474,,99,10.9,25.1,10387.116365131578,10403.27734375,45.36842105263158,95,3030.6171875,3030.6171875,36.21268421052632,45.23,139.45649500834944,44.10526315789474,19.216615800261497,371,371.0,0.0,300,0.3449535493252897,0.9778406571056333,0.9239214900245241,0.24219169159660892,0.708510063869163,0.1476510067114094,0.5229063654151094
gemma_2b_hf_4bit,exp_20260303_190618_2518223083168,qa,25.22501893836111,2.9335954189300537,39.64318133689262,,74,14.026666666666666,23.0,10252.240364583333,10451.3515625,43.46666666666667,96,3030.6171875,3030.6171875,32.269533333333335,44.576,95.82075430226325,43.733333333333334,19.6553081381321,314,314.0,0.0,200,0.3234020134277508,1.0,0.9734056422986662,0.20754256299058177,0.7213824980607002,0.09983221476510067,0.38054592679621996
gemma_2b_hf_4bit,exp_20260303_190623_2518223083168,qa,24.13234100839513,8.329071760177612,41.43816796108265,,201,11.792682926829269,20.5,9916.614519817073,9972.49609375,32.90243902439025,42,3030.6171875,3030.6171875,30.914390243902435,39.597,260.17839717793464,43.21951219512195,44.62836083292961,880,880.0,0.0,200,0.30363600651203265,0.8531338804722662,0.7870194713325245,0.015066981021640877,0.6135004081462503,0.5746644295302014,1.4745650223666735
gemma_2b_hf_4bit,exp_20260303_190634_2518223083168,qa,18.136219858464383,6.010072708129883,55.13828172596223,,109,8.943333333333332,14.4,9923.419140625,9937.78515625,33.46666666666667,50,3030.6171875,3030.6171875,19.08086666666667,22.522,116.15073667335508,40.86666666666667,24.89248878657818,284,284.0,0.0,300,0.19516912082989457,0.916257573436879,0.9503508728114732,0.025346960541915205,0.6380501822064635,0.07466442953020135,0.22762325851493556
gemma_2b_hf_4bit,exp_20260303_190642_2518223083168,qa,17.595147212434924,3.125861883163452,56.83385242115367,,55,7.8999999999999995,11.7,9929.057861328125,9937.546875,35.5625,100,3030.6171875,3030.6171875,22.71425,32.046,72.36951903665066,40.8125,11.716013163328169,236,236.0,0.0,200,0.1853813824945397,0.9947664621747284,1.0,0.06353212222178153,0.6725824916502343,0.034395973154362415,0.13157578387527455
gemma_2b_hf_4bit,exp_20260303_190647_2518223083168,reasoning,14.990069887832798,1.4676382541656494,66.71082973480225,,22,9.1875,12.3,9937.10009765625,9941.9140625,37.125,79,3030.6171875,3030.6171875,15.819,25.888,22.599244846105574,40.0,6.232578325867653,31,31.0,0.1,600,0.12813581122273326,0.9999541074072017,0.9992230982211948,0.12798271006102332,0.6510074861776122,0.010689990281827016,0.05763348673076628
gemma_2b_hf_4bit,exp_20260303_190651_2518223083168,reasoning,19.866829775880408,2.063741445541382,50.335157208326386,,41,9.009090909090908,16.0,9936.372514204546,9946.9453125,51.81818181818182,98,3030.6171875,3030.6171875,23.941090909090914,37.925,49.35921293878555,40.27272727272727,9.058577347397804,61,61.0,0.1,320,0.2081335189851574,0.9920837181875861,0.9846402420926283,0.36593362825564363,0.6762705956781273,0.03984450923226433,0.14935606088875134
gemma_2b_hf_4bit,exp_20260303_190655_2518223083168,reasoning,21.23083291065177,2.0724575519561768,47.101307999004014,,44,12.645454545454545,22.5,9961.415482954546,9983.7578125,46.0,92,3030.6171875,3030.6171875,25.955272727272725,37.888,53.97552891325951,39.90909090909091,12.75259579539299,69,69.0,0.1,400,0.23050844140647728,0.9919686388675011,0.9821245787156541,0.27171021749335,0.6844313418375374,0.047619047619047616,0.17697971280237618
gemma_2b_hf_4bit,exp_20260303_190700_2518223083168,reasoning,22.03094193285419,2.4964888095855713,45.39070562882857,,55,17.307692307692307,27.1,10063.903846153846,10071.421875,34.84615384615385,51,3030.6171875,3030.6171875,25.777153846153848,36.017,64.69488279545307,40.15384615384615,20.349431714415548,76,76.0,0.1,320,0.24363332128688758,0.9863701265845449,0.9762830622043551,0.09107759710169351,0.686249285151425,0.05442176870748299,0.1989857188040941
gemma_2b_hf_4bit,exp_20260303_190704_2518223083168,reasoning,23.262173018056934,3.3530831336975098,42.988245303814224,,78,12.98235294117647,21.7,10069.239889705883,10097.29296875,39.470588235294116,99,3030.6171875,3030.6171875,29.202529411764704,42.066,100.04287986552714,41.11764705882353,20.693203904628753,100,100.0,0.1,400,0.2638302690151248,0.9750604559912448,0.9570201559886006,0.16596868758456282,0.6851562912000035,0.07774538386783285,0.2701156940732287
gemma_2b_hf_4bit,exp_20260303_190710_2518223083168,summary,24.863097275597166,3.780703544616699,40.22025047464574,,94,8.600000000000001,13.7,10050.6171875,10074.4296875,39.21052631578947,99,3030.6171875,3030.6171875,31.37584210526315,43.781,121.27838570785522,41.63157894736842,15.246941893100736,150,150.0,0.7,250,0.41162759709937746,0.9098475298016349,0.8596697365340044,0.45109455053563113,0.6955062187404428,0.21428571428571427,0.7131642266102788
gemma_2b_hf_4bit,exp_20260303_190716_2518223083168,summary,1.5267181796606666,0.6549997329711914,654.9997329711914,,1,2.25,5.3,10032.212890625,10035.17578125,75.0,100,3030.6171875,3030.6171875,16.56525,18.858,10.684857074260712,39.0,0.850062117576599,0,0.0,0.7,200,2.660486945967442e-05,0.9996707274594347,0.9929431187286193,0.8628318584070797,0.5977947958042,0.0,0.024259761638647192
gemma_2b_hf_4bit,exp_20260303_190719_2518223083168,summary,1.5273313875896022,0.6547367572784424,654.7367572784424,,1,5.2,10.1,10023.8095703125,10024.84375,50.0,100,3030.6171875,3030.6171875,15.407499999999999,16.04,10.08875882267952,38.0,1.9369523906707764,0,0.0,0.7,250,3.74204716126706e-05,0.9996782845790636,0.9936614612129405,0.5752212389380531,0.5980168919262463,0.0,0.024272839842282533
gemma_2b_hf_4bit,exp_20260303_190722_2518223083168,summary,1.5301675437556432,0.6535232067108154,653.5232067108154,,1,4.125,6.5,10029.5732421875,10035.48046875,33.0,66,3030.6171875,3030.6171875,7.3865,8.582,4.828883525013923,37.5,1.3542208206653594,0,0.0,0.7,250,8.744385729998851e-05,0.9997131583224099,1.0,0.37964601769911505,0.5999489250396429,0.0,0.024387205913231125
gemma_2b_hf_4bit,exp_20260303_190725_2518223083168,summary,1.5252097738714938,0.6556475162506104,655.6475162506104,,1,1.675,5.6,10023.7080078125,10024.42578125,0.0,0,3030.6171875,3030.6171875,15.32275,15.994,10.193267903327943,37.0,0.639357106089592,0,0.0,0.7,200,0.0,0.9996521121429963,0.9935355200406121,0.0,0.5979562896550825,0.0,0.024269269858843628
gemma_2b_hf_4bit,exp_20260303_190728_2518223083168,translation,20.478114459327127,10.938507080078125,48.83262089320591,,224,8.59074074074074,15.9,10018.424262152777,10048.34375,32.01851851851852,42,3030.6171875,3030.6171875,24.795074074074073,32.687,272.5794746479988,38.7962962962963,42.947377393841734,1241,1241.0,0.2,300,0.24191842001763966,0.7583587843021118,0.7473640005705932,0.07969491252857326,0.5484842034688674,0.8158772515010007,1.789488588924798
gemma_2b_hf_4bit,exp_20260303_190741_2518223083168,translation,22.06860699302986,10.965803146362305,45.313236141992995,,242,9.346296296296297,17.0,10003.886863425925,10009.59765625,32.0,41,3030.6171875,3030.6171875,26.884388888888886,31.338,297.4168275630474,39.55555555555556,46.88728762686253,1269,1269.0,0.2,300,0.27155627949027955,0.7576470494765739,0.720933617601111,0.07939625762431513,0.5521967119194172,0.8345563709139426,1.8448018895951734
gemma_2b_hf_4bit,exp_20260303_190754_2518223083168,translation,23.935302591653336,5.5984251499176025,41.7792921635642,,134,10.714285714285712,23.2,10014.392996651786,10080.1953125,39.57142857142857,100,3030.6171875,3030.6171875,31.79235714285714,44.453,178.88224507200715,40.42857142857143,27.854546207785607,234,234.0,0.2,300,0.30634101482091297,0.8975994441595203,0.8470708279987489,0.20150344847956758,0.6459374875758459,0.14409606404269512,0.42326814429925214
gemma_2b_hf_4bit,exp_20260303_190802_2518223083168,translation,20.34448211826581,1.6712148189544678,49.15337702807258,,34,7.911111111111113,15.5,10006.467447916666,10010.421875,41.44444444444444,83,3030.6171875,3030.6171875,21.65711111111111,36.129,35.170524345636366,39.888888888888886,6.486477684974671,135,135.0,0.2,240,0.23942826274783163,1.0,1.0,0.23171025879596127,0.6957713050991327,0.0780520346897932,0.2802164032714192
gemma_2b_hf_4bit,exp_20260303_190806_2518223083168,translation,24.246321067624066,2.474602222442627,41.243370374043785,,60,9.246153846153847,16.6,10038.088040865385,10038.8984375,27.076923076923077,40,3030.6171875,3030.6171875,27.20915384615385,43.417,68.83222853374481,39.84615384615385,10.99763996064663,310,310.0,0.2,300,0.3121366546550437,0.9790519708038526,0.9641792852829306,0.0,0.7078240386880524,0.19479653102068045,0.6777393215910426
gemma_2b_hf_8bit,exp_20260303_191242_2570525529760,code,11.120547021425468,32.732202768325806,89.92363397891705,,364,13.00063694267516,55.4,11009.088251393312,14278.953125,33.71974522292994,69,4431.842008359873,4924.6171875,27.964394904458597,53.503,904.4317290388343,39.87261146496815,191.47073826491834,1147,1147.0,0.1,1200,0.1204577693570364,0.9213637486622301,0.9415258847998258,0.1908488844981712,0.6070499977814313,0.19184652278177458,0.5009220043937082
gemma_2b_hf_8bit,exp_20260303_191317_2570525529760,code,12.362999106277952,29.766240119934082,80.88652206503826,,368,12.502068965517243,25.0,9920.874434267242,9957.61328125,37.93103448275862,88,5358.548221982759,5364.6171875,26.213958620689656,30.699,782.2096881903411,41.07586206896552,168.5206492692232,1278,1278.0,0.1,640,0.1393667915631918,0.9296886166854421,0.9521616869203192,0.24974424010952845,0.620301807707005,0.2160118059398635,0.5799662672541634
gemma_2b_hf_8bit,exp_20260303_191349_2570525529760,code,11.443530260825861,31.28405237197876,87.38562115077866,,358,17.729605263157897,41.5,10041.963353207237,10218.83203125,38.296052631578945,77,5364.6171875,5364.6171875,23.83892763157895,31.713,747.7752939240931,40.91447368421053,251.30480954289436,1369,1369.0,0.1,640,0.12537328869214473,0.9254284191778512,0.9551581792142817,0.25484906011903,0.6143252949944977,0.23279837668326878,0.6136312824947766
gemma_2b_hf_8bit,exp_20260303_191422_2570525529760,code,10.83556346821987,30.1784029006958,92.28869388591988,,327,11.25578231292517,21.4,10051.943478954081,10130.7578125,35.74149659863946,90,5364.6171875,5364.6171875,23.332530612244902,33.328,705.2316799820666,41.08843537414966,153.70476430177692,916,916.0,0.1,800,0.11612057164804508,0.9285317576279681,0.9588603384667111,0.21912330567507388,0.6126658574876218,0.14923445858697656,0.4007570494197234
gemma_2b_hf_8bit,exp_20260303_191454_2570525529760,code,13.055347503437343,21.906732082366943,76.59696532296134,,286,12.714953271028037,26.4,10062.917056074766,10116.93359375,38.66355140186916,81,5757.701299649532,5768.6171875,28.97319626168224,35.417,637.5675092022418,41.83177570093458,126.17543962776661,1024,1024.0,0.1,800,0.1499037220218319,0.9517486946084053,0.9647484968223191,0.2599885718997665,0.6349106462379501,0.1691569821066224,0.4776381422445715
gemma_2b_hf_8bit,exp_20260303_191519_2570525529760,creative,12.376084641483617,6.787283897399902,80.80099877857026,,84,12.08529411764706,32.5,10088.718979779413,10117.046875,37.088235294117645,85,5768.6171875,5768.6171875,27.472352941176467,32.319,188.83522082114217,41.470588235294116,37.84467234671116,101,101.0,0.8,500,0.1569763517393533,0.956381093194124,0.9612448655889371,0.14505635635466474,0.6380783283306596,0.11074561403508772,0.3246533429824908
gemma_2b_hf_8bit,exp_20260303_191528_2570525529760,creative,11.639668373119349,5.584351539611816,85.91310060941257,,65,10.596428571428572,19.8,10083.847377232143,10102.8203125,39.5,70,5768.6171875,5768.6171875,23.68346428571429,28.559,133.15303165614603,40.357142857142854,27.409435821175567,103,103.0,0.8,500,0.1455072581437708,0.9646417061867357,0.9732843495591538,0.18385521401896002,0.6395807199812751,0.11293859649122807,0.331890382393199
gemma_2b_hf_8bit,exp_20260303_191535_2570525529760,creative,11.872890721730482,8.254097700119019,84.22548673590835,,98,12.473170731707318,27.4,10059.617854420732,10103.94921875,36.78048780487805,44,5768.6171875,5768.6171875,24.852390243902438,31.713,206.4890866485834,40.34146341463415,47.16524217367172,137,137.0,0.8,500,0.14913950943928336,0.9463083895395613,0.9574277844391276,0.1401055205610947,0.63077665596932,0.15021929824561403,0.42249323721129345
gemma_2b_hf_8bit,exp_20260303_191546_2570525529760,creative,10.496573694755957,5.620881795883179,95.26918298107083,,59,9.885714285714286,15.9,10095.073939732143,10105.43359375,36.035714285714285,56,5768.6171875,5768.6171875,21.34071428571429,28.27,120.68133310866354,39.607142857142854,25.704005860090255,105,105.0,0.8,500,0.12770447401478555,0.964390850594046,0.9759809535719532,0.12812410226946275,0.6331933308557139,0.11513157894736842,0.33208429997148825
gemma_2b_hf_8bit,exp_20260303_191554_2570525529760,creative,13.271089812872686,16.87879467010498,75.35176192011151,,224,12.544578313253012,26.2,10089.976044804216,10134.13671875,38.71084337349398,58,5768.6171875,5768.6171875,28.343710843373497,32.955,479.6877038209437,40.53012048192771,96.30200218856339,328,328.0,0.8,400,0.17091534048819232,0.8870820470221743,0.8983573631526077,0.17115978997864484,0.6039979592477115,0.35964912280701755,0.9104612433033292
gemma_2b_hf_8bit,exp_20260303_191613_2570525529760,math,13.072585136113448,12.392346143722534,76.4959638501391,,162,11.91311475409836,18.8,10099.370389344262,10111.16015625,37.0655737704918,55,5768.6171875,5768.6171875,27.243442622950816,30.877,338.7658312611581,40.67213114754098,67.27851617753504,480,480.0,0.0,400,0.17335589528300227,0.855412484163651,0.8215689365036046,0.413638135235959,0.5724367843133776,0.1732226632984482,0.41873415481449
gemma_2b_hf_8bit,exp_20260303_191628_2570525529760,math,11.924138460045718,4.5286290645599365,83.86350119555438,,54,10.704347826086956,18.8,10086.060461956522,10093.46875,38.0,90,5768.6171875,5768.6171875,26.675434782608693,31.442,122.24001603925227,40.43478260869565,22.584707245230675,166,166.0,0.0,400,0.15610429532702932,0.9520556739540146,0.938362521340868,0.4240659873847647,0.6295671767192765,0.059906171057380005,0.18375431029986564
gemma_2b_hf_8bit,exp_20260303_191634_2570525529760,math,1.5322061438693548,0.652653694152832,652.653694152832,,1,3.05,10.8,10095.23046875,10096.046875,0.0,0,5768.6171875,5768.6171875,12.3125,12.644,7.969139488220215,38.25,1.159868599176407,0,0.0,0.0,320,0.0,0.9996904781533688,1.0,0.0,0.5999071434460106,0.0,0.0243847212653983
gemma_2b_hf_8bit,exp_20260303_191637_2570525529760,math,11.365050518174465,3.519562005996704,87.9890501499176,,40,11.705555555555556,18.5,10089.302300347223,10105.6640625,41.5,95,5768.6171875,5768.6171875,27.315055555555553,38.489,97.18108830833435,40.333333333333336,19.498202916383743,130,130.0,0.0,600,0.147705854446521,0.9644568651807868,0.9518792560492553,0.4631246967491509,0.6339831781476211,0.04691447130999639,0.15136150300302398
gemma_2b_hf_8bit,exp_20260303_191643_2570525529760,math,12.615228819828642,6.183003187179565,79.26927163050725,,78,11.464516129032257,18.1,10070.238533266129,10080.83984375,39.45161290322581,62,5768.6171875,5768.6171875,25.67532258064515,37.918,158.65735062241552,39.516129032258064,32.80938556730748,198,198.0,0.0,320,0.1664856344600108,0.931723814261318,0.918719085052097,0.44026545209810464,0.6217271235780288,0.07145434861060988,0.20978634758428524
gemma_2b_hf_8bit,exp_20260303_191651_2570525529760,multi_turn,13.55028429852204,37.19479155540466,73.79918959405687,,504,12.802762430939227,32.0,10058.238324412983,10133.0703125,38.591160220994475,58,5768.6171875,5768.6171875,28.270154696132604,31.96,1053.0179441802509,40.67955801104972,215.32026352465152,290,239.75,0.2,300,0.10324907167068038,0.8427232042856372,0.8186956634347671,0.3383160591818621,0.5397252889843934,0.31802525832376577,0.6975183879553326
gemma_2b_hf_8bit,exp_20260303_191731_2570525529760,multi_turn,11.098721074971108,42.977924823760986,90.10047132863939,,477,11.05311004784689,24.4,10034.547491776315,10074.828125,38.17224880382775,53,5768.6171875,5768.6171875,23.25750717703349,31.31,1000.08476311183,39.995215311004785,214.57082883954044,325,267.0,0.7,240,0.06385971008338404,0.8080703117869853,0.8324342522974444,0.33291154406339607,0.5176952532586825,0.3582089552238806,0.7479289152931055
gemma_2b_hf_8bit,exp_20260303_191816_2570525529760,multi_turn,12.126806358359575,43.210057497024536,82.46194178821476,,524,12.55952380952381,28.3,9546.493917410715,10114.1640625,36.43333333333333,54,5768.6171875,5768.6171875,25.719861904761906,55.361,1111.8005654138333,40.7952380952381,245.46770474016674,332,272.3333333333333,0.7,300,0.08037799628581412,0.8066793584406321,0.8034388764988982,0.3104772188936881,0.5151866689961847,0.36624569460390355,0.7603790581806343
gemma_2b_hf_8bit,exp_20260303_191902_2570525529760,multi_turn,13.601535759266254,45.50956678390503,73.52110950550086,,619,12.47972972972973,29.2,9509.288481841217,9584.203125,38.9954954954955,72,5768.6171875,5768.6171875,29.09842792792793,33.081,1326.6493538806428,41.734234234234236,256.58613937318324,323,365.3333333333333,0.7,240,0.10407253088223067,0.7929005564624841,0.7476757594367583,0.34353252264984185,0.503801907122665,0.3559127439724455,0.7228647225684347
gemma_2b_hf_8bit,exp_20260303_191949_2570525529760,multi_turn,13.25377476727702,25.35126829147339,75.4502032484327,,336,12.276612903225805,28.7,9535.919606854839,9598.1171875,39.08064516129032,58,5768.6171875,5768.6171875,29.55481451612903,37.383,751.8795680772071,41.943548387096776,141.14251269221302,68,190.66666666666666,0.2,450,0.09848504150898907,0.913690328753606,0.8968548871305102,0.34463106672685206,0.5825575813688305,0.06314580941446613,0.1711243578695497
gemma_2b_hf_8bit,exp_20260303_192017_2570525529760,qa,12.705157092110257,7.634695053100586,78.70819642371738,,97,11.305263157894737,15.0,9545.33203125,9559.53515625,36.3421052631579,56,5768.6171875,5768.6171875,25.71523684210527,30.748,198.56262079501153,41.5,39.301173371672625,351,351.0,0.0,300,0.09692386369104351,0.8720349757618934,0.8568934877164562,0.07773618728110197,0.5574480845199223,0.13087248322147652,0.311284691110048
gemma_2b_hf_8bit,exp_20260303_192027_2570525529760,qa,12.85821330684998,8.47707200050354,77.77130275691322,,109,11.44047619047619,20.7,9535.621744791666,9547.69921875,39.666666666666664,60,5768.6171875,5768.6171875,26.901595238095243,29.521,229.42393727159507,41.166666666666664,44.497107240557675,477,477.0,0.0,200,0.09969257541850852,0.849105279546029,0.8218958903525423,0.13830823406008838,0.5411773811369748,0.23657718120805368,0.5259498396345411
gemma_2b_hf_8bit,exp_20260303_192037_2570525529760,qa,12.288734909621825,16.356443643569946,81.37534151029824,,201,14.921249999999997,31.4,9591.129052734375,9651.21875,37.9375,70,5768.6171875,5768.6171875,26.4532,36.855,433.07539658963685,41.25,110.86455593705176,941,941.0,0.0,200,0.089390990999837,0.6346269528249351,0.590949430852207,0.10680357780333985,0.40342931150307737,0.6258389261744967,1.0482519815622817
gemma_2b_hf_8bit,exp_20260303_192056_2570525529760,qa,11.890211646821454,4.962064743041992,84.10279225494902,,59,12.592,22.9,9565.09890625,9599.48828125,40.68,77,5768.6171875,5768.6171875,23.766039999999997,29.315,118.29395821034907,40.6,29.224088214039803,195,195.0,0.0,300,0.08218190097197127,0.9447845937279227,0.9479203995531372,0.15677072177488666,0.6006842583731065,0.0,0.02443101738587755
gemma_2b_hf_8bit,exp_20260303_192103_2570525529760,qa,12.727803796618073,7.228269815444946,78.56815016787985,,92,10.991666666666667,15.3,9589.347005208334,9610.6015625,35.44444444444444,55,5768.6171875,5768.6171875,25.381444444444448,31.282,185.5320237977505,40.638888888888886,36.63493732988834,416,416.0,0.0,200,0.09733353144916658,0.8830979651547481,0.8716705497211699,0.061381201915095863,0.565363967042442,0.18540268456375839,0.43946659757647266
gemma_2b_hf_8bit,exp_20260303_192113_2570525529760,reasoning,10.551067510937871,2.085097074508667,94.77713975039396,,22,9.118181818181817,14.0,9591.411576704546,9599.5390625,42.63636363636363,82,5768.6171875,5768.6171875,21.568909090909088,31.07,44.7152039564848,40.18181818181818,9.356298648118972,32,32.0,0.1,600,0.055319018299653105,0.9918017584288834,0.987170996786136,0.217237308146399,0.615819433884367,0.011661807580174927,0.054954022197584516
gemma_2b_hf_8bit,exp_20260303_192117_2570525529760,reasoning,8.878796810104701,1.4641623497009277,112.62787305391751,,13,7.800000000000001,11.9,9581.54150390625,9585.40234375,38.0,76,5768.6171875,5768.6171875,14.717375,21.027,21.173607328414917,38.75,5.786367686390877,20,20.0,0.1,320,0.02788731653537503,1.0,1.0,0.1421530276951964,0.61115492661415,0.0,0.02507239193180611
gemma_2b_hf_8bit,exp_20260303_192121_2570525529760,reasoning,9.014004435181956,1.6640772819519043,110.93848546346028,,15,13.3,18.5,9643.346354166666,9653.43359375,29.22222222222222,59,5768.6171875,5768.6171875,14.602,16.087,24.127219970345497,38.22222222222222,10.8245315104723,26,26.0,0.1,400,0.030105244078761206,0.9973605101425526,0.9983904275196587,0.0,0.6107673789301679,0.0058309037900874635,0.03965333230452225
gemma_2b_hf_8bit,exp_20260303_192125_2570525529760,reasoning,10.006129721755006,4.797059535980225,99.93874033292134,,48,11.0875,23.7,9271.428548177084,9318.39453125,35.916666666666664,77,5768.6171875,5768.6171875,24.036875,35.484,117.35340339684484,38.875,24.973911994099616,64,64.0,0.1,320,0.04637993271649864,0.9559955416033903,0.9475867787404257,0.10841417618526049,0.5896266691897443,0.042759961127308066,0.12550739369125768
gemma_2b_hf_8bit,exp_20260303_192132_2570525529760,reasoning,9.13989153953761,13.895132064819336,109.41048869936485,,127,9.597058823529412,15.5,9254.616842830883,9280.06640625,34.75,68,5768.6171875,5768.6171875,19.207132352941176,23.884,267.9168231590986,38.10294117647059,60.39061574935914,189,189.0,0.1,400,0.03217027906438423,0.8358730980630367,0.8655371783442831,0.08952041933969646,0.5232911945479497,0.16423712342079688,0.35799048932136573
gemma_2b_hf_8bit,exp_20260303_192148_2570525529760,summary,8.968778073846462,9.811815977096558,111.4979088306427,,88,10.0,23.3,9239.876057942709,9286.61328125,29.3125,48,5768.6171875,5768.6171875,19.753291666666666,24.548,194.63765957570078,38.020833333333336,45.18719732701779,143,143.0,0.7,250,0.1312877240040357,0.7365317466168358,0.7712663854111709,0.33722345132743364,0.5048545292100163,0.2042857142857143,0.42420594992289745
gemma_2b_hf_8bit,exp_20260303_192200_2570525529760,summary,1.537725248139117,0.6503112316131592,650.3112316131592,,1,4.15,7.0,9238.541015625,9241.12890625,0.0,0,5768.6171875,5768.6171875,14.134,14.777,9.1912436978817,37.5,1.27762637257576,0,0.0,0.7,200,0.00022074468389480012,0.999805460693797,0.9947430333241708,0.0,0.5984528460789482,0.0,0.024298552194381904
gemma_2b_hf_8bit,exp_20260303_192203_2570525529760,summary,1.5265570371944832,0.6550688743591309,655.0688743591309,,1,3.475,8.8,9234.607421875,9236.546875,18.5,37,5768.6171875,5768.6171875,14.546499999999998,16.056,9.394484956264495,36.5,1.309948021173477,0,0.0,0.7,250,2.3762680502305223e-05,0.999668740546749,0.9944981125748211,0.21283185840707966,0.598259561008672,0.0,0.024287145621396243
gemma_2b_hf_8bit,exp_20260303_192206_2570525529760,summary,1.5336420627709229,0.6520426273345947,652.0426273345947,,1,3.675,8.6,9276.1328125,9286.55078125,46.0,92,5768.6171875,5768.6171875,15.084,15.891,9.674293210029603,36.75,1.43892908513546,0,0.0,0.7,250,0.0001487265210899263,0.9997557056595769,0.9941609229326603,0.5292035398230088,0.5982344791861072,0.0,0.024285666221479815
gemma_2b_hf_8bit,exp_20260303_192209_2570525529760,summary,1.5539011614143254,0.6435415744781494,643.5415744781494,,1,3.725,8.8,9266.01171875,9269.3203125,45.0,90,5768.6171875,5768.6171875,15.251999999999999,15.798,9.814987966060638,36.0,1.3712503159046174,0,0.0,0.7,200,0.0005060512401060085,1.0,0.9939913753449764,0.5176991150442478,0.5983998330995353,0.0,0.024295422607100766
gemma_2b_hf_8bit,exp_20260303_192212_2570525529760,translation,12.69254384748263,13.236117362976074,78.78641287485759,,168,11.043076923076924,16.8,9272.110757211538,9285.72265625,36.69230769230769,54,5768.6171875,5768.6171875,26.6946,30.287,354.28693615353103,38.13846153846154,66.46435267031191,853,853.0,0.2,300,0.09683905446351643,0.6984494465672391,0.6604159467082594,0.15507081567249048,0.4463952397680561,0.5570380253502335,1.0060916183832032
gemma_2b_hf_8bit,exp_20260303_192227_2570525529760,translation,9.296376857590975,12.80068588256836,107.56878892914588,,119,9.206349206349206,18.6,9280.835999503968,9296.1484375,35.698412698412696,54,5768.6171875,5768.6171875,19.056857142857137,22.821,244.6915980879068,37.3968253968254,53.72623174309731,600,600.0,0.2,300,0.03355355147677929,0.7098031612569379,0.7770405631338398,0.13904190850329584,0.459474537907945,0.3882588392261508,0.7234158393196294
gemma_2b_hf_8bit,exp_20260303_192242_2570525529760,translation,9.570335544837478,14.524046659469604,104.48954431273097,,139,9.732394366197182,14.8,9272.086487676057,9315.9453125,34.309859154929576,71,5768.6171875,5768.6171875,19.98245070422535,25.504,291.88099159228796,37.57746478873239,64.10919975042343,244,244.0,0.2,300,0.03865860472403858,0.6648671668496586,0.7268245136746115,0.116648198921639,0.43297094604689645,0.15076717811874582,0.2786119295334681
gemma_2b_hf_8bit,exp_20260303_192259_2570525529760,translation,12.033487048346592,4.986085891723633,83.10143152872722,,60,10.296000000000001,15.3,9270.925,9278.46875,33.4,39,5768.6171875,5768.6171875,25.33816,29.498,127.13611621296407,38.48,23.881087274551383,296,296.0,0.2,240,0.0845579324944569,0.9135659636778757,0.9021358748904419,0.1019745683862297,0.578533724568278,0.18545697131420946,0.45300637023979834
gemma_2b_hf_8bit,exp_20260303_192306_2570525529760,translation,13.39987891922961,17.089706659317017,74.62753999701754,,229,11.560714285714287,22.2,9252.357189360118,9283.58984375,38.273809523809526,78,5768.6171875,5768.6171875,28.067952380952388,36.944,480.8200599036216,39.01190476190476,89.85748022317887,1318,1318.0,0.2,300,0.11001981263262386,0.5979685319559102,0.52576718077582,0.18057627268833726,0.38112863887256854,0.867244829886591,1.3949511523531286
gemma_4b_ol_q4km,exp_20260303_171044_2801312650912,code,17.30741807364079,8.146795749664307,57.77869326003054,5.574139833450317,141,23.128205128205124,56.4,11671.942708333334,12069.890625,28.923076923076923,81,2606.8888221153848,4028.6171875,36.17646153846154,83.146,298.219483610034,60.87179487179487,86.75024922072892,389,389.0,0.1,1200,0.21461647659350047,0.9903701027504337,0.9942786734183139,0.12376693694250505,0.6812412234880244,0.05201992252351965,0.18864872044339315
gemma_4b_ol_q4km,exp_20260303_171105_2801312650912,code,49.43153578097441,5.603710174560547,20.23000063018248,1.111814260482788,277,10.488888888888889,17.8,11546.491608796296,11568.3359375,63.44444444444444,85,4028.6171875,4028.6171875,64.60374074074073,84.503,366.2160892523527,65.07407407407408,27.36949211776257,733,733.0,0.1,640,0.7035171452685756,0.9975080388252365,0.9883615864718324,0.6065521580279853,0.8771677456965509,0.11547684928979893,0.9446263631358155
gemma_4b_ol_q4km,exp_20260303_171113_2801312650912,code,45.955360562331336,4.765494108200073,21.760247069406727,0.9351146221160889,219,10.578260869565216,27.2,11559.209408967392,11577.0625,63.95652173913044,100,4028.6171875,4028.6171875,58.31565217391303,80.362,280.3810058041811,65.82608695652173,23.6462402844429,831,831.0,0.1,640,0.6506128319327312,0.9998607448281831,0.9958309836134042,0.6137136167904405,0.8589526513055686,0.13355469470577383,0.9503953293227598
gemma_4b_ol_q4km,exp_20260303_171120_2801312650912,code,45.80268603831265,4.715880632400513,21.83278070555793,1.0526502132415771,216,9.965217391304348,22.7,11563.469599184782,11581.76171875,63.130434782608695,100,4030.2693614130435,4030.6171875,59.290000000000006,82.143,283.5715462787151,66.1304347826087,22.059519293904305,619,619.0,0.1,800,0.6482892606657344,1.0,0.9955533417338464,0.6021606974661026,0.8579817067864477,0.09444751890795056,0.6870720404762388
gemma_4b_ol_q4km,exp_20260303_171127_2801312650912,code,52.09863938505304,6.890774965286255,19.194359234780656,0.9743022918701172,359,21.787878787878785,75.5,11640.234493371212,11695.7734375,69.66666666666667,100,4030.6171875,4030.6171875,65.58424242424242,80.959,456.16165065455425,68.57575757575758,69.51377964377403,998,998.0,0.1,800,0.7441081039787683,0.9938955036080703,0.9805344941892189,0.6935706380849871,0.889972240930694,0.16436081903707803,1.4526707854005614
gemma_4b_ol_q4km,exp_20260303_171136_2801312650912,creative,29.37145069424263,2.3832666873931885,34.046666962759836,1.003540277481079,70,9.774999999999999,17.8,11676.67578125,11688.9296875,43.416666666666664,79,4030.6171875,4030.6171875,36.09383333333333,84.78,89.3523643848896,65.16666666666667,11.233406782150269,84,84.0,0.8,500,0.4216655666900747,0.9866237594164886,0.9827548362516667,0.2468639279900411,0.7594798053764764,0.09210526315789473,0.40757298353267024
gemma_4b_ol_q4km,exp_20260303_171141_2801312650912,creative,45.92483076090446,4.725112676620483,21.7747127954861,1.0784969329833984,217,21.33478260869565,61.1,11734.150475543478,11760.07421875,59.73913043478261,94,4030.6171875,4030.6171875,57.68765217391302,80.657,274.6995661188364,67.52173913043478,46.13751578807831,319,319.0,0.8,500,0.6794712038869478,0.9705421540959053,0.9426794603071597,0.5094488090628629,0.8457549658756986,0.34978070175438597,2.190511899934231
gemma_4b_ol_q4km,exp_20260303_171148_2801312650912,creative,45.44298559868778,4.5111472606658936,22.005596393492162,0.8503329753875732,205,13.090909090909092,29.4,11754.145774147728,11771.359375,53.45454545454545,84,4030.6171875,4030.6171875,50.61995454545454,80.799,233.75510872983938,68.18181818181819,27.04825781643391,276,276.0,0.8,500,0.6719668513876244,0.9720114682128305,0.9515323834015328,0.40834660886370155,0.8458498960393588,0.3026315789473684,1.9045469445595298
gemma_4b_ol_q4km,exp_20260303_171155_2801312650912,creative,36.16646510971659,3.4285905361175537,27.64992367836737,0.8471276760101318,124,15.011764705882353,27.4,11816.678079044117,11842.69140625,56.88235294117647,85,4030.6171875,4030.6171875,52.75970588235294,81.789,181.19886004841328,66.6470588235294,23.46192676126957,198,198.0,0.8,500,0.5274924741910556,0.9794454540775773,0.9628959831993029,0.46349088328235627,0.7936994208594863,0.21710526315789475,1.049952173315089
gemma_4b_ol_q4km,exp_20260303_171200_2801312650912,creative,39.86832253315202,3.662055253982544,25.08257023275715,1.0141940116882324,146,9.227777777777778,16.6,11854.395182291666,11868.9140625,57.333333333333336,81,4030.6171875,4030.6171875,54.61088888888888,84.692,200.51172596609595,67.05555555555556,16.038347023129464,178,178.0,0.8,400,0.585145938801755,0.977842237014518,0.9587201965946153,0.4707459542277123,0.8150271056034419,0.19517543859649122,1.0523280132426103
gemma_4b_ol_q4km,exp_20260303_171206_2801312650912,math,53.231289859333074,7.101086616516113,18.785943429936808,0.9668173789978027,378,11.717647058823529,18.2,11862.071920955883,11902.94140625,67.97058823529412,100,4030.6171875,4030.6171875,66.50341176470589,83.779,477.3314923384189,69.55882352941177,38.19777677893639,1101,1101.0,0.0,400,0.7766071589874466,0.9204407899343279,0.7468269004282627,0.7585267003453492,0.8108231707037559,0.3973294839408156,2.045064606059057
gemma_4b_ol_q4km,exp_20260303_171216_2801312650912,math,47.36640053716541,4.9824347496032715,21.11201165086132,0.8474099636077881,236,14.345833333333331,25.7,11820.666341145834,11848.41015625,58.583333333333336,84,4030.6171875,4030.6171875,57.974375,82.743,292.94926978492737,69.33333333333333,33.35009293019772,762,762.0,0.0,400,0.6885066607400845,0.9464785113340873,0.8462822966830448,0.6537683972181789,0.8132309067011734,0.2749909779862865,1.4483523464403034
gemma_4b_ol_q4km,exp_20260303_171223_2801312650912,math,45.263437446928336,4.286020040512085,22.092886806763325,0.9614684581756592,194,10.252380952380951,18.7,11848.29724702381,11859.578125,60.04761904761905,82,4030.6171875,4030.6171875,58.635000000000005,82.797,253.72262195611,69.0,20.54298303902149,594,594.0,0.0,320,0.6569166194164705,0.9550372804538262,0.8674410708291259,0.6701092858298099,0.8095101531514738,0.21436304583182966,1.1190743539314492
gemma_4b_ol_q4km,exp_20260303_171229_2801312650912,math,51.34560370684642,6.2517523765563965,19.475864101421795,0.9723985195159912,321,22.316666666666666,41.6,11648.523307291667,11841.390625,67.0,100,4030.6171875,4030.6171875,63.80409999999999,81.944,402.3090498330593,70.7,63.47445584535599,932,932.0,0.0,600,0.7482809825761884,0.930878903274568,0.7872938535002026,0.747695293546822,0.8147642200629064,0.3363406712378203,1.77396106056694
gemma_4b_ol_q4km,exp_20260303_171238_2801312650912,math,48.13131872377006,5.131793737411499,20.776492864014166,0.892465353012085,247,16.812,26.0,11661.30984375,11686.03125,59.36,100,4030.6171875,4030.6171875,58.24576,81.982,307.7080648174286,70.52,39.91801766216755,681,681.0,0.0,320,0.6999970179585274,0.9446429253306315,0.8383214326264534,0.6624357108199903,0.8148881145705364,0.2457596535546734,1.3108358467846137
gemma_4b_ol_q4km,exp_20260303_171245_2801312650912,multi_turn,7.384970842703334,18.144959926605225,135.41014870600915,0.8970410823822021,134,12.257471264367817,24.0,11874.468166307472,12061.83984375,12.367816091954023,94,4030.6171875,4030.6171875,19.443402298850575,81.95,354.4734741605522,64.95402298850574,100.92871241390704,13,49.75,0.2,300,0.004190740774968384,0.9568709745198565,1.0,0.0,0.5887375886659443,0.0,0.02373817300321658
gemma_4b_ol_q4km,exp_20260303_171305_2801312650912,multi_turn,49.62369241020279,11.002808809280396,20.15166448586153,0.8493247032165527,546,13.309615384615388,100.0,11639.017127403846,11690.734375,62.05769230769231,86,4030.6171875,4030.6171875,63.78582692307692,91.233,704.8277365781069,70.07692307692308,62.269315608143806,376,296.3333333333333,0.7,240,0.6828419217131145,0.9996671860877299,0.9090669959657328,0.641065571950691,0.8457570233012845,0.41676234213547647,2.5983597637682987
gemma_4b_ol_q4km,exp_20260303_171319_2801312650912,multi_turn,53.37328147032777,15.51338005065918,18.735966244757464,0.9856293201446533,828,11.423287671232876,31.2,11633.112532106165,11672.92578125,66.47945205479452,100,4030.6171875,4030.6171875,70.12968493150684,82.635,1098.11017937243,72.42465753424658,80.8486903345585,390,395.0,0.7,300,0.7430867148615075,0.9726395640216323,0.8069921597401047,0.6981121608574029,0.8311242030731241,0.43283582089552236,2.475660925086208
gemma_4b_ol_q4km,exp_20260303_171336_2801312650912,multi_turn,44.137107893703764,16.312804222106934,22.656672530704075,3.4193692207336426,720,12.3,27.9,11632.341467126624,11691.6640625,48.883116883116884,82,4032.2016030844156,4032.6171875,58.01776623376625,86.276,958.4681712327001,71.55844155844156,91.44979757308958,431,475.6666666666667,0.7,240,0.594688755062729,0.9678493649049039,0.8432356671029169,0.4710960052507455,0.7812010116274377,0.4799081515499426,2.1412164233532627
gemma_4b_ol_q4km,exp_20260303_171355_2801312650912,multi_turn,56.682519426613254,21.982085704803467,17.64212335859026,0.8739402294158936,1246,11.739805825242717,24.6,11580.240594660194,11657.86328125,69.87378640776699,84,4032.6171875,4032.6171875,73.10633980582526,86.132,1613.181741996169,75.06796116504854,117.09259247839454,795,764.0,0.2,450,0.7962563697112538,0.9338786793529319,0.6733074596916149,0.7419035940244465,0.8006583895978655,0.8978185993111366,4.336541586583115
gemma_4b_ol_q4km,exp_20260303_171419_2801312650912,qa,51.30412382357064,5.847483158111572,19.491610527038574,0.8490924835205078,300,11.082142857142857,18.3,11564.031808035714,11588.00390625,67.07142857142857,95,4032.6171875,4032.6171875,65.3130357142857,84.685,386.4913917572498,74.53571428571429,30.152738589048386,1150,1150.0,0.0,300,0.7951602080247998,0.9206832987624447,0.6437769972316107,0.6376109445801246,0.7874021720081366,0.8011744966442953,3.6441258387927573
gemma_4b_ol_q4km,exp_20260303_171427_2801312650912,qa,46.60898898217358,4.291017770767212,21.45508885383606,0.8863375186920166,200,10.704761904761906,24.3,11607.268787202382,11641.75,67.42857142857143,100,4032.6171875,4032.6171875,59.26533333333333,82.51,256.5099049224853,73.19047619047619,21.706545372605326,905,905.0,0.0,200,0.7102275254838675,0.9630506482160874,0.7911796443110903,0.6441179303818628,0.8103600979517004,0.5956375838926175,3.033649975174268
gemma_4b_ol_q4km,exp_20260303_171434_2801312650912,qa,46.46939360784148,4.303908109664917,21.519540548324585,0.9225108623504639,200,10.057142857142857,19.0,11621.057291666666,11624.87890625,64.47619047619048,100,4032.6171875,4032.6171875,58.04833333333334,86.371,258.00304693210126,72.61904761904762,20.314463798403743,957,957.0,0.0,200,0.7077023137460076,0.9626997701965082,0.7894863794466658,0.5903268477541613,0.8087367703913553,0.639261744966443,3.2259332528297837
gemma_4b_ol_q4km,exp_20260303_171440_2801312650912,qa,49.84804618299475,6.018290042877197,20.060966809590656,1.070566177368164,300,10.548275862068966,21.2,11603.229660560344,11630.27734375,58.310344827586206,83,4032.6171875,4032.6171875,66.41620689655173,83.472,404.34038413739205,73.20689655172414,29.422966743707665,1375,1375.0,0.0,300,0.7688204788839891,0.9160338956759421,0.6235357398910251,0.4779878514988668,0.7693990822236858,0.9899328859060402,4.1559811789067
gemma_4b_ol_q4km,exp_20260303_171449_2801312650912,qa,46.46687873998581,4.304141044616699,21.520705223083496,0.89035964012146,200,9.928571428571429,23.9,11596.78013392857,11615.296875,61.95238095238095,92,4032.6171875,4032.6171875,60.80142857142858,82.914,263.2406986509562,72.47619047619048,20.070909574627876,945,945.0,0.0,200,0.7076568210220638,0.9626934296530034,0.7835467356816962,0.5443441480885453,0.8069347780092354,0.6291946308724832,3.1477306877371336
gemma_4b_ol_q4km,exp_20260303_171455_2801312650912,reasoning,55.76627608037852,9.037720203399658,17.931984530554878,0.92368483543396,504,16.320930232558144,32.8,11651.963571947674,11684.6015625,69.88372093023256,100,4032.6171875,4032.6171875,69.40806976744184,99.848,636.9637285810709,74.13953488372093,67.86685644507408,800,800.0,0.1,600,0.7970231670768577,0.900005822904051,0.6644249084109917,0.6584986881988842,0.788138486225256,0.7580174927113703,3.461697703420244
gemma_4b_ol_q4km,exp_20260303_171507_2801312650912,reasoning,45.78496746806097,4.149833679199219,21.841229890522204,0.8523132801055908,190,13.984999999999996,75.0,11631.9923828125,11653.734375,56.15,81,4032.6171875,4032.6171875,62.443200000000004,83.137,261.55831156265737,73.0,23.81214480400085,303,303.0,0.1,320,0.6332911343779062,0.9645409067005131,0.8690022519752225,0.43608590204975745,0.8033794013538831,0.2750242954324587,1.3794573111300743
gemma_4b_ol_q4km,exp_20260303_171513_2801312650912,reasoning,44.10003574851073,4.126980781555176,22.675718579973495,0.9702358245849609,182,12.905000000000001,25.2,11651.6068359375,11665.66015625,53.3,84,4032.6171875,4032.6171875,58.71125000000001,82.481,243.04585876357555,71.95,25.269304273724554,294,294.0,0.1,400,0.6056517429798233,0.9648426349949709,0.8790906210951295,0.38993115318416516,0.7954406740189595,0.2662779397473275,1.2876529066452265
gemma_4b_ol_q4km,exp_20260303_171519_2801312650912,reasoning,19.44186714857547,1.9545447826385498,51.435389016803946,0.8625802993774414,38,8.879999999999999,13.3,11672.43046875,11675.4375,36.2,100,4032.6171875,4032.6171875,30.8303,83.035,61.86299854278565,68.0,8.464604569673538,51,51.0,0.1,320,0.20116248968506556,0.9935254488324851,0.9778262987465803,0.11300265999061185,0.6718705201477457,0.03012633624878523,0.11867151088487887
gemma_4b_ol_q4km,exp_20260303_171523_2801312650912,reasoning,54.772099320579414,7.302988290786743,18.257470726966858,0.9231839179992676,400,16.95142857142857,29.1,11642.843191964286,11680.9375,64.4,83,4032.6171875,4032.6171875,67.05254285714285,82.5,500.84424700820443,72.8,56.45042431890964,599,599.0,0.1,400,0.780714826350564,0.9229096012120354,0.7386032784747125,0.5696917540291035,0.8107397944462499,0.5626822157434402,2.874042080564652
gemma_4b_ol_q4km,exp_20260303_171533_2801312650912,summary,24.428608242126376,2.1695873737335205,40.935610825160765,0.9535512924194336,53,7.9363636363636365,14.5,11646.371803977272,11656.45703125,30.90909090909091,86,4032.6171875,4032.6171875,35.92609090909091,81.043,81.10935653948785,68.9090909090909,8.441539546251297,89,89.0,0.7,250,0.4039641923974571,0.9561460964565263,0.9080763878352656,0.35559131134352373,0.7208524222465204,0.12714285714285714,0.47430055685882966
gemma_4b_ol_q4km,exp_20260303_171537_2801312650912,summary,23.688819074463236,1.9840583801269531,42.214008087807514,0.9654927253723145,47,10.28,18.8,11651.64140625,11661.0,32.6,82,4032.6171875,4032.6171875,33.6226,81.627,62.63540333318711,68.0,10.05126458823681,79,79.0,0.7,200,0.3909159832387314,0.9614776340775532,0.9303388678983247,0.37504424778761064,0.7239113438882558,0.11285714285714285,0.4294373098427074
gemma_4b_ol_q4km,exp_20260303_171542_2801312650912,summary,20.988162076807733,1.9534821510314941,47.64590612271937,0.9776260852813721,41,15.05,32.8,11694.49765625,11721.7265625,44.3,100,4032.6171875,4032.6171875,39.89489999999999,91.463,74.06197403037548,68.3,14.646328432559967,76,76.0,0.7,250,0.3432824966837742,0.9623563016785712,0.9165690050273647,0.509646017699115,0.7009905906852905,0.10857142857142857,0.3837146216174599
gemma_4b_ol_q4km,exp_20260303_171546_2801312650912,summary,25.231149386619602,2.5761806964874268,39.633549176729645,0.9926910400390625,65,10.284615384615385,24.7,11661.054086538461,11675.75390625,49.53846153846154,100,4032.6171875,4032.6171875,31.65192307692307,71.421,84.57903588628768,67.07692307692308,12.672708136439324,114,114.0,0.7,250,0.4181192046219656,0.9444618440139254,0.9038951675831219,0.5699115044247788,0.7217547853279005,0.16285714285714287,0.599687814605286
gemma_4b_ol_q4km,exp_20260303_171551_2801312650912,summary,21.255005087858464,2.1171483993530273,47.047742207845054,0.9806249141693115,45,8.518181818181818,14.0,11650.890269886364,11657.515625,41.45454545454545,100,4032.6171875,4032.6171875,26.423454545454547,80.628,56.518130107879635,66.36363636363636,8.751639751195908,79,79.0,0.7,200,0.3479890043928997,0.9576530327001979,0.9377106346067217,0.4769106999195495,0.7078047019492357,0.11285714285714285,0.4065488233920327
gemma_4b_ol_q4km,exp_20260303_171555_2801312650912,translation,51.53155194191928,5.821676015853882,19.40558671951294,0.952545166015625,300,13.328571428571431,26.1,11611.383510044643,11638.01953125,62.0,87,4032.6171875,4032.6171875,63.286392857142864,81.827,370.87415239775186,70.46428571428571,35.91707579612732,842,842.0,0.2,300,0.820580310437738,0.8917782604598592,0.642764851632554,0.5632172025224853,0.7885950578028191,0.5496997998665777,2.5279462793929643
gemma_4b_ol_q4km,exp_20260303_171603_2801312650912,translation,49.56398904235464,6.052781581878662,20.175938606262207,0.9864394664764404,300,9.772413793103448,20.0,11609.594558189656,11632.26171875,65.20689655172414,100,4032.6171875,4032.6171875,61.24413793103449,83.166,377.80576753306394,70.65517241379311,27.519000524282458,775,775.0,0.2,300,0.7839159744001971,0.8857522683625726,0.6353886532409632,0.6149359931840139,0.7699086662411396,0.505003335557038,2.145030924249394
gemma_4b_ol_q4km,exp_20260303_171611_2801312650912,translation,39.2040200265439,3.213956117630005,25.507588235158767,0.843127965927124,126,9.425,16.3,11623.843017578125,11633.87890625,49.5,82,4032.6171875,4032.6171875,53.7466875,82.36,174.88855853712556,70.1875,14.352909738421438,623,623.0,0.2,300,0.5908642628547909,0.9597735916365613,0.8513206635161654,0.36162514214824776,0.7796739816877343,0.40360240160106736,1.7957259220290245
gemma_4b_ol_q4km,exp_20260303_171617_2801312650912,translation,48.6337936305634,4.934840202331543,20.561834176381428,0.9427320957183838,240,11.108333333333334,20.8,11627.198567708334,11650.4375,53.916666666666664,83,4032.6171875,4032.6171875,59.386500000000005,83.2,300.035997202158,70.75,25.347663272023198,566,566.0,0.2,240,0.7665823495559602,0.914902176061716,0.7181464584034096,0.43285433681381164,0.7965475301619218,0.3655770513675784,1.75953481190677
gemma_4b_ol_q4km,exp_20260303_171624_2801312650912,translation,51.5768281639734,5.81656551361084,19.388551712036133,0.8277773857116699,300,12.464285714285714,25.3,11640.823521205357,11674.875,59.92857142857143,84,4032.6171875,4032.6171875,62.89146428571429,82.018,371.5694802896976,71.5,33.616171964406966,800,800.0,0.2,300,0.8214240052544424,0.8919115149143471,0.6420249264667625,0.5298105182318974,0.7887505345161098,0.5216811207471648,2.4030843174438217
phi3_4b_hf_4bit,exp_20260303_203916_2801285387936,code,4.3978120018204985,10.687132596969604,227.3857999355235,,47,14.3,30.2,10794.243795955883,14194.16015625,25.058823529411764,66,7333.7107843137255,8181.234375,23.583215686274514,46.947,246.72551230466368,48.05882352941177,69.63990801751613,107,107.0,0.1,1200,0.018143686325897426,0.9832398818085799,0.9987596957069304,0.06972491708810018,0.601857347785012,0.0,0.024501237363284755
phi3_4b_hf_4bit,exp_20260303_203929_2801285387936,code,15.947987441907799,9.34287166595459,62.703836684258995,,149,9.67391304347826,14.7,10333.22902513587,10366.875,46.04347826086956,99,8129.234375,8129.234375,40.112891304347826,46.301,377.13514680600167,49.15217391304348,41.41366915941237,451,451.0,0.1,640,0.19392714433146882,0.9870129552306367,0.987411406498755,0.3631976819679543,0.669898166251405,0.06345692676627929,0.2159850946895482
phi3_4b_hf_4bit,exp_20260303_203941_2801285387936,code,16.140723203024564,8.301982402801514,61.95509255822025,,134,9.917073170731708,17.4,10339.87480945122,10349.8125,46.31707317073171,100,8129.234375,8129.234375,37.848365853658535,44.974,315.4033642953634,48.170731707317074,37.85102893531322,431,431.0,0.1,640,0.19686041220659165,0.9899345246398895,0.9927833264795576,0.3670239376620227,0.6735595202184708,0.059767570558937465,0.20736972734149495
phi3_4b_hf_4bit,exp_20260303_203951_2801285387936,code,20.259340858387496,39.48795795440674,49.35994744300842,,800,11.764583333333334,21.3,10593.795186360678,11048.05859375,42.260416666666664,100,8130.369791666667,8175.234375,43.985869791666666,52.356,1740.6594722994566,49.234375,210.19984588801861,2107,2107.0,0.1,800,0.25954213140799476,0.902401685754341,0.8687570720452439,0.31029113859284746,0.6351644799030733,0.3689356207341819,1.0109383994243528
phi3_4b_hf_4bit,exp_20260303_204033_2801285387936,code,18.684724398066514,9.526498556137085,53.519654809758904,,178,11.259574468085107,21.2,10979.252244015957,11025.1953125,33.5531914893617,42,8109.234375,8109.234375,35.69325531914893,41.739,340.7876995862722,47.61702127659574,49.262071285843845,407,407.0,0.1,800,0.2355778610933594,0.9864975510238065,0.9905743732887904,0.1885196117359151,0.6873527217311228,0.05534034311012728,0.20251323197487534
phi3_4b_hf_4bit,exp_20260303_204045_2801285387936,creative,18.96522876432836,26.416765451431274,52.728074753355834,,501,12.256250000000001,24.8,11006.215118408203,11058.02734375,35.46875,100,8109.234375,8109.234375,33.0880234375,42.695,876.9939637125727,46.3828125,146.68381203711039,378,378.0,0.8,500,0.259596994310909,0.821584195169348,0.8124526525267726,0.11900316001149092,0.5940498520331997,0.4144736842105263,1.0204917254757326
phi3_4b_hf_4bit,exp_20260303_204114_2801285387936,creative,19.84621335972536,25.244110345840454,50.38744580008075,,501,11.882926829268294,44.9,11018.668095782521,11074.5859375,39.08130081300813,100,8109.234375,8109.234375,34.631081300813015,43.448,877.1636923558713,46.02439024390244,135.71734079897405,354,354.0,0.8,500,0.2733176238175301,0.8296368923458608,0.8124159541621622,0.17711946151348892,0.6019429034794189,0.3881578947368421,0.9757406454436218
phi3_4b_hf_4bit,exp_20260303_204141_2801285387936,creative,18.470124820503006,27.124884366989136,54.141485762453364,,501,10.790909090909091,24.8,10985.127722537878,11048.23828125,38.333333333333336,100,8109.234375,8109.234375,33.277878787878784,46.878,903.2124281637667,45.053030303030305,132.65141279518605,350,350.0,0.8,500,0.25188614690678,0.8167214975485713,0.8067837521617295,0.16508666092119123,0.5878060336758022,0.38377192982456143,0.9326801452254497
phi3_4b_hf_4bit,exp_20260303_204210_2801285387936,creative,20.433703291398192,24.420438766479492,48.93875504304508,,499,11.53361344537815,21.8,10998.78249737395,11043.53125,38.73109243697479,88,8109.234375,8109.234375,35.695529411764696,45.95,875.7313045276404,45.38655462184874,127.84067808151248,362,362.0,0.8,500,0.2824673089919009,0.8352930974566994,0.8127256619979303,0.1714855433698903,0.6073925514331493,0.3969298245614035,1.0107359563513767
phi3_4b_hf_4bit,exp_20260303_204237_2801285387936,creative,18.44201768348979,21.74382472038269,54.224001796465565,,401,11.113207547169809,22.7,10972.27155807783,11004.55859375,36.783018867924525,100,8109.234375,8109.234375,30.76125471698113,37.778,671.5475291002988,44.24528301886792,109.67348471760756,235,235.0,0.8,400,0.25144840075836256,0.8536735763109307,0.8568738416600395,0.1401462386106789,0.613743585694636,0.2576754385964912,0.6755106767564263
phi3_4b_hf_4bit,exp_20260303_204301_2801285387936,math,20.36390593990938,10.803428411483765,49.10649277947166,,220,11.452830188679247,17.1,10954.692290683963,11000.640625,40.18867924528302,100,8109.234375,8109.234375,34.28477358490566,44.986,374.0137992756367,44.75471698113208,56.50228636980055,590,590.0,0.0,400,0.2828837926412356,0.8749399005765489,0.8025562541662994,0.4484908406800143,0.6164023634793487,0.21291952363767594,0.566363979235886
phi3_4b_hf_4bit,exp_20260303_204314_2801285387936,math,19.79645713630272,7.021458387374878,50.51408911780488,,139,10.308571428571428,15.1,10952.767857142857,10977.48828125,41.4,99,8109.234375,8109.234375,32.60445714285715,41.835,230.6214788879156,44.02857142857143,33.3397059738636,423,423.0,0.0,400,0.2743597575603589,0.9214194017007606,0.8799017804678719,0.46200873362445416,0.6501402576747333,0.1526524720317575,0.45198851914016175
phi3_4b_hf_4bit,exp_20260303_204323_2801285387936,math,19.03978553623383,8.298412799835205,52.521599998956994,,158,11.839024390243901,24.1,10954.949695121952,11031.33203125,38.46341463414634,74,8109.234375,8109.234375,30.172512195121946,35.605,251.6044581631422,43.36585365853659,45.303030406236644,524,524.0,0.0,320,0.2629932779366549,0.9057259393858388,0.8685836040757953,0.4292375238162862,0.6374901742131522,0.1891014074341393,0.5344863239877765
phi3_4b_hf_4bit,exp_20260303_204334_2801285387936,math,17.741276410002435,7.27117919921875,56.36573022650194,,129,10.241666666666667,17.8,10917.694444444445,10966.28515625,37.111111111111114,71,8109.234375,8109.234375,30.67147222222222,35.082,224.23058796620373,42.888888888888886,34.23200865626335,391,391.0,0.0,600,0.24348748767948244,0.9183503930410288,0.8833490140473215,0.4141463151652381,0.6379048171982981,0.1411042944785276,0.4060904345516737
phi3_4b_hf_4bit,exp_20260303_204343_2801285387936,math,11.67007336925745,1.4567174911499023,85.68926418528838,,17,8.287500000000001,16.8,10896.22216796875,10900.23828125,44.375,93,8109.234375,8109.234375,16.755,29.086,23.53400413000584,41.25,6.20372970879078,48,48.0,0.0,320,0.1522878105041862,0.9898087276587257,0.9916043436337701,0.49520863658418246,0.6553390455894232,0.01732226632984482,0.07703770598388153
phi3_4b_hf_4bit,exp_20260303_204347_2801285387936,multi_turn,20.32446026523455,45.01964569091797,49.201798569309254,,915,15.600917431192661,51.7,10569.565761181193,11546.8828125,38.08256880733945,100,6246.2272792431195,8109.234375,35.24766972477065,66.098,1588.2823123569488,44.91284403669725,316.9587922936676,194,173.25,0.2,300,0.21209002019099837,0.7958361939759747,0.6797700039752511,0.3317545526876941,0.5275178674617671,0.20780711825487944,0.4514304335147995
phi3_4b_hf_4bit,exp_20260303_204434_2801285387936,multi_turn,21.35256692204769,33.76643204689026,46.83277676406416,,721,13.255487804878047,36.1,9562.162371379573,9633.73046875,38.548780487804876,79,3596.6171875,3596.6171875,35.31910975609757,46.696,1195.5996908369077,45.5,202.43069346249106,193,179.0,0.7,240,0.2286086498010733,0.8632661466634889,0.781689159062657,0.33776930418938933,0.584930051638273,0.2066590126291619,0.5097020230768912
phi3_4b_hf_4bit,exp_20260303_204510_2801285387936,multi_turn,18.28735075425119,49.37839341163635,54.68260621443672,,903,11.526250000000001,34.0,9587.356868489584,9644.4296875,37.44166666666667,68,3596.6171875,3596.6171875,29.965833333333332,44.882,1480.5450264720916,44.15833333333333,257.0862134796383,213,246.33333333333334,0.7,300,0.17935970251033873,0.7697183078429913,0.7077327722441661,0.3234860616254305,0.5149792050302827,0.2296211251435132,0.4840627456027821
phi3_4b_hf_4bit,exp_20260303_204602_2801285387936,multi_turn,20.899513371637184,34.594106912612915,47.84800402851025,,723,12.325443786982248,25.4,9568.58411150148,9625.7890625,37.79289940828402,94,3596.6171875,3596.6171875,34.349366863905324,43.843,1190.4396930974726,44.47337278106509,192.66193342924112,186,186.0,0.7,240,0.2213294207997181,0.8583066676380513,0.7830284151973452,0.3280174317060309,0.5809322931705062,0.19862227324913892,0.48622226732165336
phi3_4b_hf_4bit,exp_20260303_204639_2801285387936,multi_turn,21.046443535453424,63.763742208480835,47.51396587815263,,1342,12.802265372168286,25.0,9543.134645529935,9615.03515625,38.20388349514563,83,3596.6171875,3596.6171875,37.109291262135926,55.793,2368.1231425665605,45.530744336569576,368.19335249304754,421,439.0,0.2,450,0.22369015345186474,0.6835204074521629,0.47736553236924595,0.33331967370725213,0.4377418433271686,0.46842709529276694,0.8360336846474884
phi3_4b_hf_4bit,exp_20260303_204745_2801285387936,qa,18.93667808065232,8.502019166946411,52.80757246550566,,161,11.102380952380955,16.9,9586.279110863095,9594.578125,33.095238095238095,42,3596.6171875,3596.6171875,30.602404761904765,36.828,263.3604029700756,44.595238095238095,43.2872232913971,529,529.0,0.0,300,0.2096490168007072,0.8484262118795346,0.7834109876306873,0.01857969530810755,0.5734107665733494,0.2802013422818792,0.6647010967361261
phi3_4b_hf_4bit,exp_20260303_204756_2801285387936,qa,19.913610641552992,8.285790205001831,50.21691033334443,,165,15.078048780487803,24.1,9513.909394054877,9633.875,40.21951219512195,100,3596.6171875,3596.6171875,31.58312195121951,36.982,263.77956502616405,44.5609756097561,57.09683953464032,680,680.0,0.0,200,0.22732124685623156,0.8543120144596581,0.7829356461176205,0.14838083647188463,0.5821027969156762,0.40687919463087246,0.9742508051606029
phi3_4b_hf_4bit,exp_20260303_204806_2801285387936,qa,20.567943186417555,9.772489070892334,48.61934861140465,,201,11.952083333333334,21.9,9499.21044921875,9550.59765625,40.729166666666664,99,3596.6171875,3596.6171875,30.924750000000003,36.533,305.66361009657396,44.0625,53.47983729600905,849,849.0,0.0,200,0.23915780111643803,0.8138437259286896,0.7354379657623945,0.15766651682025923,0.5604476279539005,0.5486577181208053,1.2426977430418664
phi3_4b_hf_4bit,exp_20260303_204818_2801285387936,qa,20.741602790006574,11.570947647094727,48.21228186289469,,240,12.385964912280702,22.1,9505.762609649122,9554.62890625,40.75438596491228,100,3596.6171875,3596.6171875,34.72478947368421,44.916,403.8094938670398,44.56140350877193,65.41116516888141,1005,1005.0,0.0,300,0.24229921802565327,0.7648892656525937,0.6241377843287698,0.1581260013439785,0.5136278022046704,0.6795302013422819,1.3891394489958877
phi3_4b_hf_4bit,exp_20260303_204832_2801285387936,qa,20.46312391782363,9.77367877960205,48.868393898010254,,200,11.793749999999998,19.9,9454.542236328125,9509.59765625,38.770833333333336,100,3596.6171875,3596.6171875,34.05677083333333,44.801,334.4839649569989,44.270833333333336,52.833327194452295,909,909.0,0.0,200,0.2372616720457314,0.8138113417812087,0.7027548760421101,0.1219865446740621,0.5498745341652882,0.5989932885906041,1.3235374562149733
phi3_4b_hf_4bit,exp_20260303_204844_2801285387936,reasoning,21.272934474165467,28.251861572265625,47.00808913854513,,601,13.576811594202898,29.4,9442.437556612318,9635.8046875,38.84057971014493,100,3596.6171875,3596.6171875,40.47472463768116,52.12,1146.5235485268831,45.92028985507246,173.3379147273302,437,437.0,0.1,600,0.23119906974406768,0.6463202642934871,0.38674006523658194,0.15576592082616184,0.40239772675664776,0.40524781341107874,0.6834204408000409
phi3_4b_hf_4bit,exp_20260303_204914_2801285387936,reasoning,19.632733047129367,16.350245237350464,50.93534341853727,,321,12.094999999999999,20.3,9552.38515625,9607.80078125,37.175,100,3596.6171875,3596.6171875,32.658300000000004,38.563,538.1908440316915,44.8375,90.08489522516726,244,244.0,0.1,320,0.2042934279975606,0.8034580791106456,0.7182512343542248,0.12879244249726174,0.5382301652384853,0.21768707482993196,0.4826232159269584
phi3_4b_hf_4bit,exp_20260303_204933_2801285387936,reasoning,17.604764987768473,22.777924060821533,56.80280314419335,,401,10.529729729729729,20.8,9539.43042652027,9582.3984375,36.693693693693696,100,3596.6171875,3596.6171875,29.98567567567567,40.112,685.8365213617088,43.612612612612615,108.82912455260757,292,292.0,0.1,400,0.17102691500767614,0.7185930174043889,0.6377916589522137,0.12099785593761501,0.4753261689100512,0.26433430515063167,0.5130872116770572
phi3_4b_hf_4bit,exp_20260303_204958_2801285387936,reasoning,20.331700755865207,15.73896861076355,49.18427690863609,,320,11.287012987012986,16.5,9540.851308847403,9569.15234375,39.27272727272727,99,3596.6171875,3596.6171875,33.943077922077926,38.909,537.9676872807742,43.883116883116884,80.89134840667248,283,283.0,0.1,320,0.21575919948978933,0.8115288041825739,0.7183728437216752,0.1627643987994481,0.5452741741671905,0.2555879494655005,0.5714938458381456
phi3_4b_hf_4bit,exp_20260303_205016_2801285387936,reasoning,19.972586598643428,20.07751965522766,50.06862756914629,,401,11.364285714285712,24.8,9534.444674744898,9594.51953125,39.54081632653061,100,3596.6171875,3596.6171875,37.17848979591837,46.485,748.1130556424857,44.38775510204081,103.3443573385477,353,353.0,0.1,400,0.2098683395618304,0.7542466324661344,0.6038540347944802,0.1671060068527489,0.49137753600291656,0.3236151603498542,0.6432717121017927
phi3_4b_hf_4bit,exp_20260303_205038_2801285387936,summary,13.846767150581885,7.510778427124023,72.21902333773099,,104,16.25945945945946,53.8,9529.197107263513,9750.421875,35.16216216216216,100,3596.6171875,3596.6171875,26.88821621621621,41.903,203.1385797334909,43.16216216216216,56.13770243704318,77,77.0,0.7,250,0.21732442814810793,0.802656550220794,0.7610221478396524,0.404520449653193,0.5560333806773771,0.11,0.2643366161570548
phi3_4b_hf_4bit,exp_20260303_205048_2801285387936,summary,17.780177595703037,11.304723978042603,56.24240785095822,,201,15.165454545454546,30.0,9365.388139204546,9420.046875,35.527272727272724,65,3596.6171875,3596.6171875,33.173690909090915,42.364,379.09908868849266,44.763636363636365,78.33094390511515,144,144.0,0.7,200,0.28670089976796176,0.6936301223636752,0.5489767194058287,0.4087208366854384,0.48746241243803584,0.2057142857142857,0.41282061013210003
phi3_4b_hf_4bit,exp_20260303_205102_2801285387936,summary,20.37163929485777,12.173787117004395,49.08785127824353,,248,11.936666666666664,21.7,9378.975455729167,9412.18359375,36.5,41,3596.6171875,3596.6171875,37.822233333333344,45.884,464.2831696665287,45.75,65.87655301272869,171,171.0,0.7,250,0.3324084280144346,0.6686558974172053,0.4463236010783045,0.41991150442477876,0.46745722075442675,0.24428571428571427,0.4686924681576417
phi3_4b_hf_4bit,exp_20260303_205116_2801285387936,summary,20.574787279075704,12.199397087097168,48.60317564580545,,251,12.261666666666665,29.5,9367.2248046875,9421.8125,41.15,100,3596.6171875,3596.6171875,40.18425,49.672,495.0950946996212,45.85,67.999466945529,227,227.0,0.7,250,0.33599149938681255,0.6679199449584078,0.40919295237016867,0.4734070796460177,0.45753046895329796,0.3242857142857143,0.6050753851572243
phi3_4b_hf_4bit,exp_20260303_205131_2801285387936,summary,19.52700490581006,10.191015005111694,51.21113067895324,,199,11.579999999999998,18.4,9340.9971875,9383.5390625,39.7,100,3596.6171875,3596.6171875,36.47386,45.579,376.3934238455294,45.58,53.60689273238182,152,152.0,0.7,200,0.31751098607734835,0.7256347226831708,0.5522372456695439,0.4567256637168142,0.5103659849367537,0.21714285714285714,0.4546184813179787
phi3_4b_hf_4bit,exp_20260303_205143_2801285387936,translation,19.682381244696902,15.29286503791809,50.80686059109,,301,12.097333333333335,23.2,9320.8725,9371.48828125,37.8,99,3596.6171875,3596.6171875,31.70626666666667,37.704,488.2708089966773,44.04,83.97281484961509,1140,1140.0,0.2,300,0.2270904163060985,0.6448205121867306,0.5178385519637024,0.17293497363796131,0.43963388576756934,0.7484989993328885,1.3298458313107142
phi3_4b_hf_4bit,exp_20260303_205201_2801285387936,translation,20.438259159918815,14.629426002502441,48.92784616221552,,299,16.09295774647887,74.7,9673.626320422536,9857.44921875,40.53521126760563,100,3596.6171875,3596.6171875,33.26438028169015,38.546,488.70041096162794,44.521126760563384,107.66229555666447,1077,1077.0,0.2,300,0.24117574079213358,0.6621194394830878,0.5173813959818664,0.21704672363759733,0.4503205469563397,0.7064709806537692,1.280145227339403
phi3_4b_hf_4bit,exp_20260303_205217_2801285387936,translation,21.031969443737587,14.311546087265015,47.54666474174424,,301,12.525714285714287,26.1,9761.88950892857,9803.4140625,38.8,100,3596.6171875,3596.6171875,34.55757142857143,39.761,497.86855000174035,44.68571428571428,81.58713659942147,387,387.0,0.2,300,0.2522391702559092,0.6704080406191655,0.5076252264425265,0.18906233846790033,0.45430564822087127,0.24616410940627084,0.46098022876447753
phi3_4b_hf_4bit,exp_20260303_205234_2801285387936,translation,20.819176325140464,11.575866222381592,48.032639926894575,,241,11.980701754385965,17.4,9683.707099780702,9746.46484375,39.228070175438596,99,3596.6171875,3596.6171875,32.492105263157896,37.295,378.94847917079903,44.26315789473684,63.42536368489265,785,785.0,0.2,240,0.24827390011971812,0.7417398805659627,0.6341726498161084,0.1959659823600146,0.5120833191625086,0.5116744496330887,1.0477143460139495
phi3_4b_hf_4bit,exp_20260303_205248_2801285387936,translation,21.053418146313714,14.296965837478638,47.498225373683184,,301,12.711428571428572,22.7,9705.9234375,9765.05078125,38.357142857142854,61,3596.6171875,3596.6171875,34.054871428571424,39.339,488.8833001291751,44.142857142857146,82.84834574997426,1051,1051.0,0.2,300,0.2526388537623396,0.6707882152359022,0.5171867765811688,0.18192021975749875,0.45744803905005715,0.6891260840560374,1.2652675828968292
phi3_4b_hf_8bit,exp_20260303_205305_2199671396000,code,4.900292023860768,16.937766075134277,204.06947078475034,,83,13.436585365853658,23.9,10313.44550304878,13750.0625,20.073170731707318,40,3268.7427591463415,4570.6171875,20.885073170731705,31.492,354.2302006797791,42.146341463414636,103.3625026381016,155,155.0,0.1,1200,0.025790987989073436,0.9656955952022037,0.9894046024304204,0.0,0.5968464544854166,0.008854454897620365,0.045635466770924386
phi3_4b_hf_8bit,exp_20260303_205325_2199671396000,code,13.454809349150391,10.77681565284729,74.32286657136062,,145,15.264150943396224,50.0,9475.404333726416,9640.2109375,37.924528301886795,84,4671.522847877359,4674.6171875,29.80896226415094,34.629,324.68090236508846,42.75471698113208,72.93008714854714,554,554.0,0.1,640,0.15598317812576418,0.9829881592845269,0.991975992070887,0.2496532504357074,0.6548825166569299,0.08245711123408965,0.2603564047697678
phi3_4b_hf_8bit,exp_20260303_205338_2199671396000,code,9.441357079829285,11.544950485229492,105.91697692871094,,109,10.264912280701754,21.9,9377.266241776315,9436.6328125,37.10526315789474,52,4680.3364857456145,4682.6171875,20.08022807017544,22.542,232.47247146630284,40.96491228070175,54.10951080679892,365,365.0,0.1,640,0.09490198311698606,0.9808321573850824,1.0,0.23819573492954985,0.6322104404623191,0.047592695074709465,0.15244649731768234
phi3_4b_hf_8bit,exp_20260303_205351_2199671396000,code,13.338666399064625,59.97601079940796,74.97001349925995,,800,13.200344827586209,35.5,9396.040369073276,9437.57421875,37.772413793103446,49,4903.720635775862,5282.6171875,33.748179310344824,42.125,2028.1191808382275,43.62413793103448,357.5866607505084,2142,2142.0,0.1,800,0.1542155851143034,0.8448957909718452,0.8437422338343271,0.2475259118617699,0.568277641487573,0.37539199409703006,0.8724756324196521
phi3_4b_hf_8bit,exp_20260303_205454_2199671396000,code,14.002919792784661,57.13094210624695,71.41367763280869,,800,13.462454873646209,100.0,9409.291488041516,9488.75,40.0,86,5318.357259702166,5318.6171875,38.04259566787003,42.938,2175.3475213408474,45.38628158844765,342.47923115909117,2092,2092.0,0.1,800,0.164324934461049,0.8528813336759586,0.8309303753082893,0.27867895638463985,0.570873486479694,0.36616860357867553,0.8566292218683828
phi3_4b_hf_8bit,exp_20260303_205553_2199671396000,creative,12.578979846548899,39.271865129470825,79.49770269123648,,494,13.80105263157895,34.3,9484.370867598684,9553.46484375,37.94210526315789,73,5318.6171875,5318.6171875,28.00831052631579,32.868,1101.003812856912,43.94210526315789,245.10978787243351,333,333.0,0.8,500,0.16013628206267086,0.7333074082542523,0.7640177215661317,0.15879284537111227,0.5132520517711836,0.3651315789473684,0.7551748935952767
phi3_4b_hf_8bit,exp_20260303_205634_2199671396000,creative,11.444942927054937,4.368741750717163,87.37483501434326,,50,10.454545454545455,15.5,9467.555042613636,9488.65234375,37.27272727272727,63,5318.6171875,5318.6171875,22.143136363636366,28.108,98.22178554522992,41.72727272727273,21.38874854743481,34,34.0,0.8,500,0.14247456527386052,0.9729893759048848,0.9808371089588586,0.14802433992321953,0.6431377715686672,0.03728070175438596,0.12887863096877988
phi3_4b_hf_8bit,exp_20260303_205641_2199671396000,creative,13.243488732634754,37.82991099357605,75.50880437839531,,501,11.79782608695652,23.2,9479.63676120924,9517.109375,38.70108695652174,83,5318.6171875,5318.6171875,29.05346195652174,33.394,1101.6261667773724,42.38586956521739,201.76349626064282,341,341.0,0.8,500,0.17048547576875697,0.7432093989959636,0.7638831575311764,0.17100283526722707,0.5203219572656448,0.37390350877192985,0.7839916746689685
phi3_4b_hf_8bit,exp_20260303_205721_2199671396000,creative,12.062675050405959,40.952773571014404,82.90035135832875,,494,12.01818181818182,25.3,9499.457938762625,9544.1015625,37.707070707070706,73,5318.6171875,5318.6171875,25.996545454545455,31.815,1066.8617330493921,41.7020202020202,222.25201044201864,345,345.0,0.8,500,0.15209524836312416,0.7217645031011001,0.7713998491138556,0.15501176661762694,0.5087874050097363,0.3782894736842105,0.7747001523210988
phi3_4b_hf_8bit,exp_20260303_205804_2199671396000,creative,12.588591149830325,31.85423970222473,79.43700673871504,,401,11.637419354838709,23.9,9511.721572580645,9546.21875,37.348387096774196,64,5318.6171875,5318.6171875,26.16707741935484,30.623,835.8922923997641,41.303225806451614,167.65223091781144,240,240.0,0.8,400,0.16028597041373763,0.7842447137327625,0.8213395680798476,0.1492415045732131,0.5457896727092781,0.2631578947368421,0.5884356264348488
phi3_4b_hf_8bit,exp_20260303_205838_2199671396000,math,11.661043762222935,14.921477317810059,85.75561676902332,,174,11.335616438356164,35.7,9473.356485445205,9598.3125,34.9041095890411,49,5318.6171875,5318.6171875,23.746712328767124,29.86,355.82630793523793,40.45205479452055,75.63766592860219,493,493.0,0.0,400,0.15215217062506486,0.8243300708975707,0.8123665500456378,0.3895169920174407,0.5518698545329885,0.17791411042944785,0.4101762616775433
phi3_4b_hf_8bit,exp_20260303_205856_2199671396000,math,13.218599134285608,11.271996259689331,75.65098160865323,,149,16.294545454545453,43.9,9614.04169034091,9680.2734375,38.74545454545454,68,5318.6171875,5318.6171875,25.69536363636364,29.255,292.3291997936965,41.74545454545454,83.84517946064472,423,423.0,0.0,400,0.17554927102863394,0.8691813145252035,0.8466167611765817,0.4323849852234132,0.584959131121989,0.1526524720317575,0.38267490008928917
phi3_4b_hf_8bit,exp_20260303_205909_2199671396000,math,13.683495902982344,12.642967939376831,73.08073953397012,,173,12.025806451612905,20.3,9593.749684979839,9614.40234375,39.29032258064516,73,5318.6171875,5318.6171875,27.212629032258068,29.931,345.63579905891413,41.79032258064516,69.38618128001688,586,586.0,0.0,320,0.18253280212460238,0.852332402629792,0.8178632898305086,0.43846551157440017,0.5740718285879312,0.2114760014435222,0.5080561798199733
phi3_4b_hf_8bit,exp_20260303_205924_2199671396000,math,13.103083006502047,5.189618349075317,76.31791689816643,,68,13.092307692307694,25.3,9596.90204326923,9634.328125,36.42307692307692,50,5318.6171875,5318.6171875,26.28373076923077,33.313,137.53981454062463,41.65384615384615,31.32609950423241,148,148.0,0.0,600,0.17381402457225645,0.9439322747739897,0.9301098411122691,0.40646810734146976,0.6317382445947802,0.0534103211836882,0.16763608870729935
phi3_4b_hf_8bit,exp_20260303_205931_2199671396000,math,12.321182541354768,4.1392130851745605,81.16104088577569,,51,10.419047619047621,16.0,9576.138764880952,9582.421875,34.42857142857143,62,5318.6171875,5318.6171875,22.454333333333334,28.159,93.68453063941003,40.42857142857143,20.257517223358153,122,122.0,0.0,320,0.16206856497782726,0.9568415025925938,0.9537652921522732,0.38421016150273796,0.638009464414591,0.04402742692168892,0.1452387137663728
phi3_4b_hf_8bit,exp_20260303_205938_2199671396000,multi_turn,14.002384919128518,85.98535227775574,71.41640554630875,,1204,12.805755395683454,29.5,9551.14885903777,9617.4765625,39.091127098321344,54,5318.6171875,5318.6171875,29.524880095923262,37.513,2540.37796377325,41.96882494004796,496.7103929114337,217,242.0,0.2,300,0.1105129899118408,0.5503671444812049,0.43265750386225493,0.34476629767266426,0.33911259046777426,0.23421354764638347,0.36401569648871585
phi3_4b_hf_8bit,exp_20260303_210106_2199671396000,multi_turn,13.52626952167595,53.00796341896057,73.9302139734457,,717,12.535271317829459,24.1,9521.463253997093,9576.828125,38.786821705426355,65,5318.6171875,5318.6171875,27.836961240310075,31.337,1477.9647331571584,41.98062015503876,299.87753867626185,176,163.0,0.7,240,0.10286322531781383,0.7479696997020822,0.7084024767335516,0.3408403528806722,0.47805694305781565,0.18714121699196326,0.37060586545711804
phi3_4b_hf_8bit,exp_20260303_210201_2199671396000,multi_turn,13.192703837506858,54.57562065124512,75.79947312672932,,720,12.492075471698111,28.9,9523.223938679244,9606.0,38.660377358490564,72,5318.6171875,5318.6171875,27.683909433962267,32.464,1511.9566015493876,41.89811320754717,307.9639693540335,202,165.0,0.7,300,0.09750381250698724,0.7385762005340212,0.6995800274665895,0.33920905242750965,0.47044839340297806,0.21699196326061998,0.42070482319989605
phi3_4b_hf_8bit,exp_20260303_210258_2199671396000,multi_turn,13.639372149287913,52.348450660705566,73.31715778810303,,714,12.962992125984254,29.7,9498.591458538385,9565.14453125,38.87007874015748,71,5318.6171875,5318.6171875,28.097610236220472,31.703,1473.347758965969,42.07086614173228,306.438962135911,173,171.66666666666666,0.7,240,0.10468044963113508,0.7519215409709581,0.7096007933455905,0.34191447949666737,0.4803288801474186,0.18369690011481057,0.3656927720898215
phi3_4b_hf_8bit,exp_20260303_210353_2199671396000,multi_turn,13.408975654482008,100.82798528671265,74.57691219431409,,1352,13.681557377049181,57.0,9583.883044633709,9734.43359375,38.317622950819676,66,5318.6171875,5318.6171875,29.09267418032787,35.324,2936.012430482748,42.52459016393443,622.3296957635882,436,475.3333333333333,0.2,450,0.10097866019524583,0.4614291687871895,0.3299722095286207,0.334787064144863,0.2778118775728414,0.4856486796785304,0.676941710055997
phi3_4b_hf_8bit,exp_20260303_210536_2199671396000,qa,11.19237276545192,15.546301364898682,89.34655956838323,,174,10.476315789473682,19.9,9569.582905016447,9608.25,39.31578947368421,75,5318.6171875,5318.6171875,22.725986842105264,29.909,353.44495045459274,41.6578947368421,74.17262804925441,601,601.0,0.0,300,0.06955833845924007,0.6566792138689141,0.6812525873574614,0.13191540590399492,0.4292028757516087,0.34060402684563756,0.603660059955279
phi3_4b_hf_8bit,exp_20260303_210553_2199671396000,qa,13.424501859478633,11.992996215820312,74.490659725592,,161,13.135593220338983,35.7,9580.726893538136,9642.82421875,40.32203389830509,76,5318.6171875,5318.6171875,26.545593220338983,29.993,320.37620432925223,41.59322033898305,71.82270369350908,677,677.0,0.0,200,0.10993645711555947,0.7534010055582814,0.7187534717770323,0.1502487368194361,0.48562092604681784,0.40436241610738255,0.7901963230218028
phi3_4b_hf_8bit,exp_20260303_210608_2199671396000,qa,13.275100507436287,15.141128301620483,75.32899652547505,,201,11.883783783783784,23.0,9588.22682643581,9607.41796875,38.91891891891892,70,5318.6171875,5318.6171875,25.840675675675676,29.908,393.6278711174727,41.32432432432432,82.02505923449993,914,914.0,0.0,200,0.10723386005864023,0.6677081187843001,0.6356840297318453,0.124684598922035,0.4339111885782997,0.6031879194630873,1.064398244343319
phi3_4b_hf_8bit,exp_20260303_210625_2199671396000,qa,13.477738028046891,22.33312439918518,74.19642657536605,,301,15.454128440366974,41.2,9614.42986668578,9758.71484375,39.10091743119266,74,5330.586367545871,5411.234375,28.4687247706422,32.613,638.2508762489557,41.87155963302752,156.10675481379036,1253,1253.0,0.0,300,0.11089947324980068,0.4719403141081889,0.35827468959438746,0.12800053178088258,0.2934242904106932,0.8875838926174496,1.252601617115775
phi3_4b_hf_8bit,exp_20260303_210650_2199671396000,qa,13.408064724670167,14.543485879898071,74.58197887127216,,195,16.65492957746479,29.4,9924.832086267606,10249.2734375,37.028169014084504,41,5326.443992077465,5411.234375,29.424478873239437,34.791,428.968309010029,42.929577464788736,110.59630772531028,869,869.0,0.0,200,0.10963911742250934,0.683976084352514,0.595606983214191,0.09023596712292847,0.42773056723901526,0.5654362416107382,0.9882645545759716
phi3_4b_hf_8bit,exp_20260303_210707_2199671396000,reasoning,13.711777375161335,43.83093333244324,72.93000554483068,,601,12.225352112676056,24.9,9999.571981367371,10064.671875,39.225352112676056,69,5318.6171875,5318.6171875,31.68030046948357,38.717,1389.8534933888907,42.98122065727699,241.84988463699815,420,420.0,0.1,600,0.10716687422130011,0.4406287662326514,0.2541373070641857,0.1619971747241389,0.25129657167757113,0.38872691933916426,0.5255372579781146
phi3_4b_hf_8bit,exp_20260303_210753_2199671396000,reasoning,13.680231634864148,23.46451497077942,73.09817747906361,,321,12.676315789473685,23.6,9977.638843201754,10041.24609375,39.35964912280702,61,5318.6171875,5318.6171875,28.691429824561403,33.082,674.0822180681228,42.675438596491226,135.01000627040867,234,234.0,0.1,320,0.1066494021760537,0.7095279129489884,0.6441971715906532,0.16417206762799666,0.44877728623231394,0.20796890184645286,0.3883821814394338
phi3_4b_hf_8bit,exp_20260303_210818_2199671396000,reasoning,13.792891705010076,29.072946310043335,72.50111299262677,,401,12.864084507042252,25.0,9897.615096830987,10009.9765625,38.70422535211268,55,5318.6171875,5318.6171875,29.431922535211264,37.138,858.6287826905253,42.401408450704224,169.31055931985367,314,314.0,0.1,400,0.10849746268649976,0.6354794290788953,0.5436284417779346,0.15355770989573814,0.39713134633164887,0.2857142857142857,0.48250841994328697
phi3_4b_hf_8bit,exp_20260303_210850_2199671396000,reasoning,13.732605613631087,23.375025033950806,72.81939262913023,,321,12.964912280701755,24.6,9760.757538377193,9891.55078125,38.31578947368421,72,5318.6171875,5318.6171875,28.63278947368421,31.106,670.8860708472725,42.41228070175438,137.2660281461477,227,227.0,0.1,320,0.1075085378201976,0.7107094544073632,0.6459389133941542,0.14726712729249195,0.4499979254685343,0.20116618075801748,0.37708106873477726
phi3_4b_hf_8bit,exp_20260303_210915_2199671396000,reasoning,13.11104523906271,30.584899425506592,76.2715696396673,,401,12.093288590604026,27.7,9697.242213716443,9760.9140625,38.46979865771812,79,5318.6171875,5318.6171875,29.888677852348998,35.223,916.0500192403795,42.4496644295302,167.27559377074238,294,294.0,0.1,400,0.09731254573879734,0.6155170137241927,0.5123367142082008,0.14976125192830947,0.377281136675237,0.2662779397473275,0.4366519725610252
phi3_4b_hf_8bit,exp_20260303_210948_2199671396000,summary,9.828798379541166,8.444572448730469,101.74183673169239,,83,11.916666666666668,24.8,9721.618210565477,9736.5,35.11904761904762,86,5354.807663690476,5356.6171875,23.335833333333333,30.368,197.7521965769529,41.38095238095238,46.07033197760581,52,52.0,0.7,250,0.14645653874202802,0.7758221570636664,0.7675131379539679,0.4040244416350611,0.5215832040021016,0.07428571428571429,0.17256923794667567
phi3_4b_hf_8bit,exp_20260303_210959_2199671396000,summary,13.111229583121878,15.33036994934082,76.2704972604021,,201,11.872000000000002,20.8,9718.350729166666,9757.78125,39.22666666666667,89,5356.6171875,5356.6171875,28.92118666666667,33.771,446.22264479768285,41.653333333333336,82.84179370880125,154,154.0,0.7,200,0.2043512076092954,0.5779453308511084,0.46808786941497715,0.4512802359882006,0.3955504431235438,0.22,0.3743187661639811
phi3_4b_hf_8bit,exp_20260303_211016_2199671396000,summary,13.0077374497987,19.296207427978516,76.8773204301933,,251,12.648936170212766,28.4,9716.762258976063,9759.36328125,36.670212765957444,45,5356.6171875,5356.6171875,30.21544680851064,34.494,584.9941416393518,42.09574468085106,111.06888717770575,174,174.0,0.7,250,0.20252584024665995,0.4639792530688209,0.3008579513103429,0.42186970438712107,0.3104614974124131,0.24857142857142858,0.36963144646788576
phi3_4b_hf_8bit,exp_20260303_211038_2199671396000,summary,13.0462104280999,19.23930335044861,76.65061095796258,,251,12.96808510638298,29.0,9682.08282081117,9699.796875,37.6063829787234,54,5395.766123670212,5396.6171875,30.016372340425523,34.786,579.446900264621,42.41489361702128,113.55311252832409,192,192.0,0.7,250,0.2032044166435257,0.46561450276345295,0.3075427874756635,0.43263980418000375,0.3132289537291452,0.2742857142857143,0.4080044884287634
phi3_4b_hf_8bit,exp_20260303_211059_2199671396000,summary,13.248598357087559,15.09593653678894,75.4796826839447,,200,12.356756756756758,26.9,9692.175886824325,9771.6484375,38.0,51,5396.6171875,5396.6171875,29.855675675675677,33.112,453.60539268839364,42.62162162162162,84.81516978442667,154,154.0,0.7,200,0.20677408235919725,0.5846822323690275,0.4591911121323245,0.4371681415929204,0.3958716362940845,0.22,0.3745145373388729
phi3_4b_hf_8bit,exp_20260303_211117_2199671396000,translation,13.644552213813677,21.91350769996643,73.28932341125896,,299,13.262616822429905,33.3,9704.506242698599,9758.83984375,37.57943925233645,41,5396.6171875,5396.6171875,28.17598130841121,31.315,619.0144939293859,41.97196261682243,131.4913530242443,882,882.0,0.2,300,0.1145791504276328,0.47218970520658193,0.37870916585593006,0.16937790999322716,0.30110132148980673,0.5763842561707805,0.8271763990350687
phi3_4b_hf_8bit,exp_20260303_211141_2199671396000,translation,13.403769714360932,22.381763219833374,74.60587739944458,,300,12.569724770642202,31.8,9684.33389478211,9755.41015625,39.403669724770644,71,5396.6171875,5396.6171875,27.06575229357798,32.392,608.4792521311045,41.85321100917431,127.72905990600584,790,790.0,0.2,300,0.11009231522970961,0.45998011583681975,0.3899201220458694,0.1987979403560654,0.29900699745669057,0.5150100066711141,0.7384179658492963
phi3_4b_hf_8bit,exp_20260303_211206_2199671396000,translation,13.853928318523872,21.72668957710266,72.18169294718493,,301,12.12924528301887,22.1,9698.22272995283,9733.8359375,38.9811320754717,77,5396.6171875,5396.6171875,29.132792452830188,31.905,634.0461516872646,42.113207547169814,119.50990288853649,1208,1208.0,0.2,300,0.11848074659161034,0.477060918615117,0.3627134004228832,0.1919835215314365,0.2993245943480442,0.7938625750500333,1.1311247985465178
phi3_4b_hf_8bit,exp_20260303_211230_2199671396000,translation,13.60541487367421,17.71353554725647,73.5001474989895,,241,11.902298850574713,21.9,9693.65862966954,9710.328125,39.05747126436781,69,5396.6171875,5396.6171875,27.916816091954033,41.494,496.3485557789802,41.85057471264368,95.87851071238521,642,642.0,0.2,240,0.11384984993573673,0.5817024245944841,0.5092427107838071,0.19321467148158575,0.37282348058778203,0.4162775183455637,0.6690100864652009
phi3_4b_hf_8bit,exp_20260303_211250_2199671396000,translation,13.554752250855532,22.206233978271484,73.77486371518765,,301,12.889814814814816,25.1,9704.017975983796,9758.72265625,39.7037037037037,75,5396.6171875,5396.6171875,27.311546296296292,30.216,607.6804863172769,41.657407407407405,129.98004570364944,982,982.0,0.2,300,0.11290578282206112,0.4645569758436499,0.39077011948459023,0.20363669779569707,0.3017604417272965,0.6430953969312875,0.9221391114104035
qwen_4b_ol_q4km,exp_20260303_194909_2034608821920,code,45.492536801877606,26.377953052520752,21.981627543767292,,1200,8.675806451612905,22.7,9936.390026461693,10118.84765625,54.25,91,3064.659211189516,3396.6171875,65.83327419354839,590.006,1708.8193085207934,45.806451612903224,103.52164773344998,4542,4542.0,0.1,1200,0.6435690635084584,0.9391988654663116,0.8715278135504831,0.4779668147294695,0.8006456291084219,0.8181147389780483,3.9555646029808376
qwen_4b_ol_q4km,exp_20260303_194938_2034608821920,code,67.6145481344061,9.465418577194214,14.78971652686596,,640,9.262222222222222,21.7,10134.623524305556,10162.9296875,80.24444444444444,92,3396.6171875,3396.6171875,72.41151111111112,88.165,691.8272253096103,53.044444444444444,40.192106083631515,2677,2677.0,0.1,640,0.9802465166122275,0.9866689903923488,0.9600267985130304,0.8415020541818897,0.9761073433165048,0.47408227264342373,14.282806956208866
qwen_4b_ol_q4km,exp_20260303_194949_2034608821920,code,67.56017441008115,9.473036527633667,14.801619574427605,,640,10.44,20.8,10139.078298611112,10163.0,83.35555555555555,95,3396.6171875,3396.6171875,74.22984444444442,88.825,709.1796879827975,54.13333333333333,45.39443010091781,2539,2539.0,0.1,640,0.979418996603024,0.986647608318623,0.9585167815143448,0.8850112942103906,0.9753169155910999,0.4486257148127652,13.223325509511955
qwen_4b_ol_q4km,exp_20260303_195001_2034608821920,code,68.91248709447817,11.60892653465271,14.511158168315887,,800,9.49090909090909,23.7,10156.27734375,10180.546875,85.67272727272727,100,3396.6171875,3396.6171875,75.43736363636363,87.091,882.1731891548635,54.8,50.39043722212316,2762,2762.0,0.1,800,1.0,0.9806525893219501,0.9434628302480733,0.9174172022056442,0.9772346258710071,0.48976203652462647,15.252749276023204
qwen_4b_ol_q4km,exp_20260303_195015_2034608821920,code,67.64311745886421,11.826776027679443,14.783470034599304,,800,9.414285714285715,17.3,10084.368861607143,10175.5078125,85.16071428571429,100,3396.6171875,3396.6171875,74.18932142857143,90.057,881.8842098363635,55.19642857142857,50.79204518795014,2552,2552.0,0.1,800,0.980681316470652,0.9800411290665909,0.943487977323242,0.9102566427932542,0.9693312585052106,0.45102379634753736,11.336072359323076
qwen_4b_ol_q4km,exp_20260303_195029_2034608821920,creative,66.45502523444296,7.523885488510132,15.047770977020264,,500,9.497222222222224,19.0,10082.814127604166,10110.203125,79.66666666666667,95,3398.5060763888887,3398.6171875,69.38266666666667,87.759,533.1942200820445,54.80555555555556,33.027013660669326,663,663.0,0.8,500,0.9992125405029,0.9513228032291818,0.8867882985291103,0.8300296849564301,0.9511183467286477,0.7269736842105263,12.516185318612413
qwen_4b_ol_q4km,exp_20260303_195039_2034608821920,creative,66.50558703163378,7.518165349960327,15.036330699920654,,500,9.499999999999998,16.6,10073.458875868055,10095.4453125,74.69444444444444,92,3398.6171875,3398.6171875,70.98275000000001,86.984,540.2476835833788,54.80555555555556,32.75820523738861,666,666.0,0.8,500,1.0,0.9513620837843337,0.8852632137213418,0.7500398991349867,0.9509875892517028,0.7302631578947368,12.544194492445758
qwen_4b_ol_q4km,exp_20260303_195048_2034608821920,creative,66.44186843423232,7.5253753662109375,15.050750732421875,,500,9.697222222222221,16.1,10065.009657118055,10092.4609375,79.55555555555556,96,3398.6171875,3398.6171875,70.097,87.631,538.9235658656357,54.75,33.71121039748191,705,705.0,0.8,500,0.9990076338766933,0.9513125721442726,0.8855495116251509,0.8282422037090236,0.9506616786815043,0.7730263157894737,13.19596339078445
qwen_4b_ol_q4km,exp_20260303_195058_2034608821920,creative,64.85085076170262,7.709999084472656,15.419998168945312,,500,9.654054054054054,19.5,10072.574007601352,10094.6484375,77.4054054054054,93,3398.6171875,3398.6171875,71.14945945945942,87.458,560.214797962427,54.67567567567568,34.293003028035166,764,764.0,0.8,500,0.974228807848039,0.950044749331175,0.8809459669122103,0.7936520260565074,0.9389887380122311,0.8377192982456141,11.937814855221516
qwen_4b_ol_q4km,exp_20260303_195108_2034608821920,creative,64.37248246671471,6.2138352394104,15.534588098526001,,400,8.286666666666667,12.2,10092.8828125,10118.35546875,77.96666666666667,93,3398.6171875,3398.6171875,68.01016666666668,87.952,426.0944180905819,54.63333333333333,23.94261249303818,558,558.0,0.8,400,0.9667786047712358,0.9603190015928091,0.9099451888853568,0.8026812218711098,0.9477906990519441,0.6118421052631579,9.995966773238452
qwen_4b_ol_q4km,exp_20260303_195116_2034608821920,math,64.2576000667961,6.224944591522217,15.562361478805542,,400,8.753333333333332,15.4,10092.057161458333,10099.18359375,77.36666666666666,91,3398.6171875,3398.6171875,67.15123333333335,87.874,420.56430213356015,54.666666666666664,25.380733106732364,1441,1441.0,0.0,400,0.9422408768200671,0.9312083644989274,0.7774470074966482,0.8633834708070516,0.8894929623266995,0.5200288704438831,4.39832295837205
qwen_4b_ol_q4km,exp_20260303_195125_2034608821920,math,63.96233419216444,6.253680467605591,15.634201169013977,,400,9.423333333333334,24.4,10094.3859375,10134.16015625,74.53333333333333,91,3398.6171875,3398.6171875,65.2525,87.919,412.6068461571932,54.2,27.214849770069115,1206,1206.0,0.0,400,0.9378054869530886,0.9308552074997424,0.7817392430839483,0.8317645156073104,0.8889005299563426,0.4352219415373511,3.6764978523592613
qwen_4b_ol_q4km,exp_20260303_195133_2034608821920,math,62.2515671918762,5.140432834625244,16.063852608203888,4.778409004211426,320,9.06,18.0,10069.40703125,10094.4375,83.0,100,3398.6171875,3398.6171875,64.1878,87.613,331.55840182280537,53.12,21.65237701892853,11,11.0,0.0,320,0.9121068902991226,0.9445367529056523,0.8254566093000523,0.9262493934983018,0.8958407647813604,0.003969686033922772,0.12237017887486552
qwen_4b_ol_q4km,exp_20260303_195141_2034608821920,math,68.10265056633625,8.810229778289795,14.683716297149658,7.81335711479187,600,9.364285714285714,17.0,10075.539527529761,10093.890625,79.47619047619048,96,3398.6171875,3398.6171875,73.86085714285716,87.917,656.35197967577,55.07142857142857,37.9674416989088,136,136.0,0.0,600,1.0,0.8994358319355356,0.6502636132561758,0.8869249786280355,0.8649098335575134,0.049079754601226995,0.4071933753322012
qwen_4b_ol_q4km,exp_20260303_195152_2034608821920,math,62.355130231837066,5.131895303726196,16.037172824144363,,320,9.272,14.8,10077.523125,10093.015625,75.48,95,3398.6171875,3398.6171875,60.72615999999999,87.731,319.8457211319208,53.84,21.55402429819107,910,910.0,0.0,320,0.9136625812796971,0.944641677105075,0.8317744054692557,0.8423289665211063,0.8983898572841782,0.32840129916997474,3.031994144399594
qwen_4b_ol_q4km,exp_20260303_195159_2034608821920,multi_turn,66.17870838557268,13.916862726211548,15.110600137037512,7.103924751281738,921,10.219696969696969,22.6,10076.129675662878,10101.68359375,76.42424242424242,92,3398.6171875,3398.6171875,73.69942424242423,88.205,1032.6570797315835,55.53030303030303,64.18468656420708,53,153.5,0.2,300,0.9488320067629299,0.982205994648268,0.8239802418391401,0.8264131994520735,0.9213886736513943,0.045924225028702644,0.6311182478940811
qwen_4b_ol_q4km,exp_20260303_195215_2034608821920,multi_turn,64.54568596172808,11.154889583587646,15.492902199427286,,720,9.616981132075473,17.8,10062.995430424528,10087.80078125,74.64150943396227,97,3398.6171875,3398.6171875,70.02290566037736,88.347,792.313025238633,55.43396226415094,48.76233962237835,420,421.3333333333333,0.7,240,0.9225941720152667,0.9987559086748408,0.8863605500620565,0.803413569928196,0.9345726064271759,0.4672789896670494,6.327661172677841
qwen_4b_ol_q4km,exp_20260303_195229_2034608821920,multi_turn,67.5425290630473,13.32493782043457,14.805486467149523,,900,9.625396825396825,17.8,10054.879836309523,10084.74609375,79.36507936507937,91,3399.9187748015875,3400.6171875,79.21565079365077,96.48,1062.8716262011526,56.79365079365079,58.5804425382614,462,470.0,0.7,300,0.9707445665897448,0.9857528453216563,0.8161381809004427,0.8643539121096396,0.9288651345025277,0.5154994259471871,6.476863216881266
qwen_4b_ol_q4km,exp_20260303_195244_2034608821920,multi_turn,65.76984405251807,10.947266340255737,15.204536583688524,,720,9.661538461538461,23.3,10061.241361177885,10093.6171875,83.46153846153847,95,3400.6171875,3400.6171875,76.00575,95.49,837.185762029767,56.88461538461539,48.22673750638962,423,413.3333333333333,0.7,240,0.9422627676341466,1.0,0.8747140162722271,0.9172036894413932,0.9393193119353268,0.4707233065442021,6.801338805648549
qwen_4b_ol_q4km,exp_20260303_195257_2034608821920,multi_turn,69.3633644802112,19.46272373199463,14.416832394070095,11.78993844985962,1350,9.991304347826087,20.2,10079.969174592392,10107.98046875,85.07608695652173,100,3400.6171875,3400.6171875,81.5761956521739,94.0,1600.819772497058,58.358695652173914,88.38735826492308,583,464.6666666666667,0.2,450,1.0,0.9489748522332345,0.676515957897338,0.9380335150156165,0.8876472430391718,0.6544202066590127,5.430365634276059
qwen_4b_ol_q4km,exp_20260303_195319_2034608821920,qa,62.627802947255255,4.790204763412476,15.967349211374918,,300,8.843478260869563,14.2,10099.708559782608,10109.38671875,70.08695652173913,91,3400.6171875,3400.6171875,63.305347826086965,94.969,311.8337175974846,56.52173913043478,19.661119288802148,1192,1192.0,0.0,300,1.0,0.9494626623012836,0.7284408910208559,0.6925525377408871,0.9033710659966419,0.8364093959731543,7.937896068120663
qwen_4b_ol_q4km,exp_20260303_195326_2034608821920,qa,54.76455266746649,3.6519973278045654,18.259986639022827,,200,10.65,20.8,10099.130208333334,10142.70703125,69.88888888888889,91,3400.6171875,3400.6171875,60.693166666666656,88.116,223.08966400170326,54.888888888888886,18.473655286431313,930,930.0,0.0,200,0.857757665687302,0.9804449331357238,0.8290791336746761,0.688943832571614,0.8859602863180408,0.6166107382550335,5.051694490860229
qwen_4b_ol_q4km,exp_20260303_195332_2034608821920,qa,51.84372092770297,3.857747793197632,19.28873896598816,,200,7.715789473684212,13.8,10104.313322368422,10115.66015625,65.63157894736842,90,3400.6171875,3400.6171875,50.62963157894737,87.764,202.50666160619258,53.73684210526316,14.166752942204477,972,972.0,0.0,200,0.8049212545321757,0.9748443576661782,0.8524208349570934,0.6113775176110122,0.8701480595998516,0.6518456375838926,4.7324737553887415
qwen_4b_ol_q4km,exp_20260303_195338_2034608821920,qa,61.413305603199234,4.884934902191162,16.283116340637207,,300,8.383333333333333,17.6,10105.618977864584,10119.22265625,70.875,90,3400.6171875,3400.6171875,60.347874999999995,88.02,301.6399747117757,54.625,19.104359044432634,1315,1315.0,0.0,300,0.978030339733795,0.9468840859152861,0.7400008809978225,0.7069103433686353,0.8972776259674505,0.9395973154362416,8.424213237045894
qwen_4b_ol_q4km,exp_20260303_195345_2034608821920,qa,54.81830955671094,3.648416042327881,18.242080211639404,,200,7.594444444444445,11.7,10107.252170138889,10118.97265625,69.88888888888889,94,3400.6171875,3400.6171875,52.156222222222226,87.759,196.4185452209711,53.333333333333336,13.012951574921606,947,947.0,0.0,200,0.8587301014027433,0.9805424165584312,0.8593249294767261,0.688943832571614,0.8954522443716445,0.6308724832214765,5.594806111267299
qwen_4b_ol_q4km,exp_20260303_195351_2034608821920,reasoning,68.13999658674877,8.805401086807251,14.675668478012085,,600,10.092857142857143,24.2,10109.220703125,10151.94921875,78.35714285714286,90,3400.6171875,3400.6171875,72.87585714285714,93.417,652.7939181374311,55.57142857142857,40.910568968653685,1008,1008.0,0.1,600,1.0,0.903073147315651,0.6557982397995488,0.7957227798019537,0.8676614161345599,0.9601554907677357,6.815829302368732
qwen_4b_ol_q4km,exp_20260303_195402_2034608821920,reasoning,59.604904542608324,5.368685722351074,16.777142882347107,,320,9.93846153846154,24.7,10103.091796875,10118.875,69.5,99,3400.6171875,3400.6171875,57.57011538461538,87.383,316.8404408413172,54.11538461538461,24.793549182415006,499,499.0,0.1,320,0.8599915077332443,0.948448323873386,0.8388762318335155,0.6522844625254264,0.8801939698053682,0.4655004859086492,3.6631617590930214
qwen_4b_ol_q4km,exp_20260303_195410_2034608821920,reasoning,66.72929177336309,5.994369029998779,14.985922574996948,,400,9.506896551724138,16.7,10105.223733836207,10118.9375,80.51724137931035,92,3400.6171875,3400.6171875,68.69237931034482,87.962,415.6732325561047,55.44827586206897,26.47407051444054,622,622.0,0.1,400,0.9768589895768987,0.9401873864540793,0.7850172594547116,0.8307048165793492,0.9083049896033967,0.5850340136054422,5.851162326301474
qwen_4b_ol_q4km,exp_20260303_195418_2034608821920,reasoning,61.85357974781267,5.173508167266846,16.167213022708893,,320,8.764,19.2,10103.86921875,10119.296875,81.04,100,3400.6171875,3400.6171875,61.24932,87.86,323.69900326204294,54.32,21.10177353322506,453,453.0,0.1,320,0.8968784708087555,0.9510252658318759,0.8351386552906798,0.8391707088092631,0.8946005646602688,0.4207968901846453,3.7330935711808033
qwen_4b_ol_q4km,exp_20260303_195425_2034608821920,reasoning,64.10493740363559,6.239768981933594,15.599422454833984,,400,9.493333333333334,21.6,10097.6078125,10142.33203125,79.33333333333333,91,3400.6171875,3400.6171875,68.90163333333332,88.242,433.0464893939495,54.766666666666666,27.51185165941715,605,605.0,0.1,400,0.9338094364403896,0.9369473549223833,0.7755496956641468,0.8115318416523235,0.8872728897521149,0.5685131195335277,4.713816844257498
qwen_4b_ol_q4km,exp_20260303_195434_2034608821920,summary,58.05922386783722,4.30594801902771,17.22379207611084,,250,8.876190476190478,13.4,10078.539620535714,10114.09765625,77.80952380952381,100,3400.6171875,3400.6171875,61.53566666666664,87.158,267.0874733991623,53.76190476190476,17.56213250041008,406,406.0,0.7,250,0.9971322543293915,0.8947536050132685,0.6839590009111899,0.8951538137378846,0.8724666835090941,0.58,4.289869647977349
qwen_4b_ol_q4km,exp_20260303_195440_2034608821920,summary,51.94646731105424,3.8501174449920654,19.250587224960327,,200,7.884210526315789,17.0,10067.188322368422,10076.90625,81.89473684210526,100,3400.6171875,3400.6171875,59.6458947368421,86.869,230.1287260808945,52.89473684210526,14.360283860564232,319,319.0,0.7,200,0.8893170421369432,0.9078527859393452,0.7284970251304975,0.9421518397764322,0.84663176017573,0.45571428571428574,2.850702720524135
qwen_4b_ol_q4km,exp_20260303_195446_2034608821920,summary,58.221815312909996,4.2939231395721436,17.175692558288574,,250,8.514285714285714,15.1,10069.205171130952,10081.23828125,72.47619047619048,91,3400.6171875,3400.6171875,55.47990476190476,87.164,239.2667728517056,53.285714285714285,17.213833583593363,417,417.0,0.7,250,1.0,0.8950991633864337,0.7174850028644078,0.8337968815844923,0.8837752498752525,0.5957142857142858,4.798696651137437
qwen_4b_ol_q4km,exp_20260303_195453_2034608821920,summary,55.64995578311857,4.492366552352905,17.96946620941162,,250,11.995454545454544,22.5,10073.702947443182,10104.0078125,65.45454545454545,92,3400.6171875,3400.6171875,52.82068181818182,87.964,244.56340711724755,52.59090909090909,24.93933088481426,407,407.0,0.7,250,0.9546382097245563,0.889396504732826,0.7111021668021336,0.753016894609815,0.8620048853503104,0.5814285714285714,3.996270909539863
qwen_4b_ol_q4km,exp_20260303_195500_2034608821920,summary,52.18435543306268,3.832566261291504,19.16283130645752,,200,8.36315789473684,12.7,10079.94962993421,10090.265625,69.21052631578948,100,3400.6171875,3400.6171875,47.14521052631579,86.967,187.14578960978986,51.68421052631579,15.13950618803501,309,309.0,0.7,200,0.8935128510349668,0.9083571534474854,0.7802946428657929,0.796227293898463,0.8640006793079701,0.44142857142857145,3.0919909030317485
qwen_4b_ol_q4km,exp_20260303_195506_2034608821920,translation,60.707988528556015,4.9416890144348145,16.472296714782715,,300,9.291666666666666,16.4,10101.564778645834,10126.3828125,79.45833333333333,100,3400.6171875,3400.6171875,62.79095833333333,93.68,311.442675915122,53.083333333333336,21.452227068543433,1236,1236.0,0.2,300,0.9915776161472931,0.914723595821006,0.7060081726599714,0.8447741135118371,0.8828505770032105,0.8125416944629753,6.4690949834962606
qwen_4b_ol_q4km,exp_20260303_195513_2034608821920,translation,60.846897245927245,4.930407524108887,16.43469174702962,,300,7.620833333333334,12.7,10094.065104166666,10122.30859375,70.58333333333333,91,3400.6171875,3400.6171875,59.93625,87.409,304.4462649439574,53.208333333333336,17.569713243842127,1214,1214.0,0.2,300,0.9941660954753845,0.9150177565057486,0.7134533227938139,0.7016437506461284,0.8862077619800226,0.7978652434956638,6.52597655892845
qwen_4b_ol_q4km,exp_20260303_195520_2034608821920,translation,61.1599691665665,4.905169248580933,16.350564161936443,,300,8.620833333333334,15.5,10093.138671875,10115.7578125,74.16666666666667,100,3400.6171875,3400.6171875,61.894499999999994,94.852,308.71568752837175,52.25,19.71400760114193,1241,1241.0,0.2,300,1.0,0.9156758351989475,0.7089100659358635,0.7594334746200766,0.8873757703404433,0.8158772515010007,6.735024992971577
qwen_4b_ol_q4km,exp_20260303_195527_2034608821920,translation,59.10981975970819,4.06023907661438,16.91766281922658,,240,8.78,16.0,10089.901171875,10142.65625,70.65,89,3400.6171875,3400.6171875,65.5891,87.396,271.3748357886076,52.65,16.441867253780366,951,951.0,0.2,240,0.9617967147089171,0.9377070767073563,0.7486459031349497,0.7027189083014578,0.8906245798362588,0.6224149432955304,5.297698156187251
qwen_4b_ol_q4km,exp_20260303_195534_2034608821920,translation,60.721789903453946,4.940565824508667,16.468552748362224,,300,8.691666666666668,13.9,10100.0673828125,10123.078125,71.125,93,3400.6171875,3400.6171875,57.47620833333334,87.213,291.84413671803475,52.375,19.945898426771162,1303,1303.0,0.2,300,0.9918347963610233,0.9147528825826152,0.7268637323644669,0.7103794065956788,0.889218903028534,0.857238158772515,7.180247410547995
qwen_8b_ol_q4km,exp_20260303_195843_3063473428128,code,38.51917634263786,31.153314113616943,25.961095094680786,21.8841392993927,1200,10.760135135135135,49.3,9925.193359375,10517.48828125,80.38513513513513,95,5464.125527871622,5688.6171875,78.86910135135136,91.847,2465.124386630178,50.50675675675676,151.93776217818265,1376,1376.0,0.1,1200,0.5374406828788377,0.9257953755004593,0.8057138973562095,0.8434696293704372,0.7344290550085357,0.2340896513558384,0.8857597500469399
qwen_8b_ol_q4km,exp_20260303_195917_3063473428128,code,42.078344890417554,15.209723711013794,23.765193298459053,,640,9.647945205479452,24.2,9935.61504708904,9959.47265625,88.53424657534246,100,5688.6171875,5688.6171875,80.99857534246576,92.396,1246.0434789938927,56.602739726027394,66.73572558045387,2431,2431.0,0.1,640,0.5916080813048354,0.9705458668762663,0.9117987181665881,0.9574358726218246,0.8013466080347905,0.42870319129311935,2.1025452170279983
qwen_8b_ol_q4km,exp_20260303_195934_3063473428128,code,42.07150731970262,15.212195634841919,23.7690556794405,,640,9.056164383561644,18.7,9909.94477739726,9930.83203125,86.87671232876713,95,5688.6171875,5688.6171875,81.9860684931507,92.246,1257.4063841853138,57.794520547945204,62.74471083283425,2596,2596.0,0.1,640,0.5915040195240544,0.9705389286770804,0.9108099144263554,0.9342550691037047,0.8010062607406525,0.45914038000368934,2.2447580567067464
qwen_8b_ol_q4km,exp_20260303_195952_3063473428128,code,42.55845818046073,18.79767346382141,23.497091829776764,,800,9.51573033707865,20.8,9909.451720505618,9953.640625,88.34831460674157,100,5688.6171875,5688.6171875,84.10783146067415,95.682,1586.524277686358,58.62921348314607,81.29121200323102,2864,2864.0,0.1,800,0.598914981082765,0.9604752045966062,0.8821699672835162,0.954835593055487,0.7923595439971427,0.5085777531820698,2.382726827108199
qwen_8b_ol_q4km,exp_20260303_200013_3063473428128,code,42.44640233484844,18.84729814529419,23.559122681617737,,800,8.688888888888888,19.2,9931.302300347223,9965.51171875,88.81111111111112,100,5688.6171875,5688.6171875,84.29462222222223,96.707,1598.9346490796802,59.37777777777778,74.24999978005884,3063,3063.0,0.1,800,0.59720959018774,0.9603359179726905,0.8810900126905077,0.9613078544032261,0.7913116152740554,0.5452868474451208,2.539169367138514
qwen_8b_ol_q4km,exp_20260303_200034_3063473428128,creative,41.99855387110924,10.952758073806763,23.810343638710354,8.73476505279541,460,8.230188679245282,14.4,9907.939563679245,9954.1171875,88.22641509433963,95,5690.541715801887,5690.6171875,81.2779245283019,93.01,894.5680342286823,59.320754716981135,41.21167986810205,101,101.0,0.8,500,0.6183225858217106,0.9277765171518882,0.8086528245486878,0.9677331931292786,0.7682578368388571,0.11074561403508772,0.49948098608929825
qwen_8b_ol_q4km,exp_20260303_200047_3063473428128,creative,42.36754239764975,11.777884006500244,23.602973960922334,9.30873966217041,499,9.896428571428572,24.2,9905.523018973214,9933.56640625,90.23214285714286,97,5690.6171875,5690.6171875,81.84310714285714,93.942,970.6714973176718,59.607142857142854,52.99093887627125,128,128.0,0.8,500,0.6240692866054796,0.9221103249042363,0.7921978963628927,1.0,0.7639201810223304,0.14035087719298245,0.6109841831711765
qwen_8b_ol_q4km,exp_20260303_200101_3063473428128,creative,41.936861022896885,11.922685384750366,23.845370769500732,8.343285322189331,500,9.008771929824562,19.0,9951.670161732456,9990.53515625,88.85964912280701,100,5690.6171875,5690.6171875,80.89242105263159,93.869,978.1823147369623,59.80701754385965,48.861707505583766,196,196.0,0.8,500,0.6173617691196337,0.9211159646322086,0.7905739234681701,0.9779202386892251,0.7604516740779671,0.2149122807017544,0.9012774574653905
qwen_8b_ol_q4km,exp_20260303_200115_3063473428128,creative,40.1104548445155,8.451661825180054,24.931155826489835,6.506308555603027,339,10.81219512195122,17.9,9992.615948932927,10010.94921875,81.8780487804878,94,5690.6171875,5690.6171875,75.15624390243903,93.706,648.7188263726233,59.0,41.94047235310076,109,109.0,0.8,500,0.5889169556312865,0.9449517041301223,0.8618098149878172,0.8656049214901801,0.7775952379878965,0.11951754385964912,0.5572929863326291
qwen_8b_ol_q4km,exp_20260303_200126_3063473428128,creative,40.47718310033136,9.882110595703125,24.705276489257812,8.428474426269531,400,9.0,19.0,9825.611979166666,9945.07421875,83.6875,95,5690.6171875,5690.6171875,76.82652083333333,97.35,770.7311279751062,58.75,40.84654198944568,51,51.0,0.8,400,0.5946284545087344,0.935128721464018,0.8354285758278494,0.8947141625969548,0.769018570991054,0.05592105263157895,0.27355241813729864
qwen_8b_ol_q4km,exp_20260303_200138_3063473428128,math,41.30516231314006,9.684019565582275,24.21004891395569,,400,7.82127659574468,12.2,9790.978058510638,9819.98828125,85.85106382978724,100,5690.6171875,5690.6171875,79.26040425531914,93.15,773.5013679817916,59.08510638297872,34.77517984807491,1449,1449.0,0.0,400,0.5974566718657464,0.8886971658060083,0.5870734712043812,0.9580662145002943,0.6817138598494155,0.5229159148321906,1.62332748677036
qwen_8b_ol_q4km,exp_20260303_200150_3063473428128,math,40.97171735100219,9.762832164764404,24.40708041191101,,400,9.987234042553192,22.2,9792.262799202128,9818.1328125,85.44680851063829,96,5690.6171875,5690.6171875,76.55485106382977,93.995,760.3912082629205,58.702127659574465,44.718346027135844,1497,1497.0,0.0,400,0.59244776791399,0.887728577935418,0.594145064722165,0.9535548742089669,0.681541199962871,0.5402381811620354,1.6752121760775975
qwen_8b_ol_q4km,exp_20260303_200202_3063473428128,math,39.752824587884746,8.049742460250854,25.15544518828392,,320,8.18974358974359,14.2,9789.919871794871,9799.80859375,86.46153846153847,96,5690.6171875,5690.6171875,75.78669230769229,92.779,613.992172445774,58.666666666666664,30.407016885280616,990,990.0,0.0,320,0.5741379492896445,0.908782037994392,0.6731124072179321,0.9648788862762663,0.704223513279555,0.35727174305304943,1.2011117891769953
qwen_8b_ol_q4km,exp_20260303_200212_3063473428128,math,41.70017954433975,14.388427257537842,23.980712095896404,,600,8.431884057971017,20.8,9789.314028532608,9810.78125,89.6086956521739,98,5690.6171875,5690.6171875,81.80800000000002,93.25,1185.13431793654,59.3768115942029,55.204027571082094,1869,1869.0,0.0,600,0.603390494820162,0.8308811278117569,0.3650394942715052,1.0,0.6001323845530435,0.6744857452183327,1.6700166576271411
qwen_8b_ol_q4km,exp_20260303_200229_3063473428128,math,40.0568409689037,7.988647937774658,24.964524805545807,,320,8.661538461538461,17.7,9803.54607371795,9825.95703125,80.61538461538461,95,5690.6171875,5690.6171875,77.08415384615385,93.0,623.286515719056,58.717948717948715,31.717576380372044,1327,1327.0,0.0,320,0.5787047864747715,0.9095328749677191,0.6680990573386939,0.8996379651401486,0.7047714942818325,0.47888848791050165,1.6017130731620344
qwen_8b_ol_q4km,exp_20260303_200239_3063473428128,multi_turn,36.498342323016864,18.795374155044556,27.398504599190314,9.582754611968994,686,9.1,20.9,9769.596310763889,9826.23046875,74.94444444444444,100,5690.6171875,5690.6171875,76.51801111111111,96.829,1444.1755710709106,58.24444444444445,77.78715615391734,19,141.25,0.2,300,0.47195641177501974,0.9529736522048016,0.7171723144147083,0.8073218349622139,0.6898263546958608,0.006888633754305396,0.05274835703064365
qwen_8b_ol_q4km,exp_20260303_200300_3063473428128,multi_turn,40.723778554207556,16.501415729522705,24.555678168932598,4.8123133182525635,672,9.426582278481014,18.6,9810.211085838608,9834.6171875,85.73417721518987,94,5690.6171875,5690.6171875,80.85796202531645,96.188,1348.0225026202202,60.0,70.81640456914901,28,55.0,0.7,240,0.539846659913658,0.9667191930781106,0.7421284468190951,0.9465237556883161,0.7285929559346249,0.01722158438576349,0.09673384145792564
qwen_8b_ol_q4km,exp_20260303_200319_3063473428128,multi_turn,42.21543415073687,21.31921696662903,23.688018851810032,,900,9.351485148514852,24.5,9820.769647277228,9863.01953125,86.78217821782178,95,5690.6171875,5690.6171875,84.61620792079206,95.813,1818.2566421856886,60.960396039603964,90.35437793970107,485,480.6666666666667,0.7,300,0.563813148352942,0.9378506298612079,0.6200811150266952,0.9600443641768582,0.6929047828075479,0.5419058553386912,1.7405051398291107
qwen_8b_ol_q4km,exp_20260303_200342_3063473428128,multi_turn,41.40999899022039,17.387104988098145,24.14875692791409,16.706212043762207,720,9.025301204819275,19.2,9819.235504518072,9851.83203125,80.36144578313252,96,5690.6171875,5690.6171875,79.8397469879518,96.745,1396.9820873857739,60.83132530120482,71.39560576736926,18,292.0,0.7,240,0.5508721903274936,0.9614120882198218,0.7294211884906773,0.877208365698707,0.7275988591441471,0.0057405281285878304,0.05573818887871395
qwen_8b_ol_q4km,exp_20260303_200402_3063473428128,multi_turn,43.24279972202407,31.219070196151733,23.12523718233462,,1350,8.781879194630873,21.6,9822.817585989933,9853.69140625,89.87919463087249,100,5692.590341862416,5692.6171875,88.92065771812081,95.7,2783.2104899941673,62.80536912751678,124.05962901592258,577,686.0,0.2,450,0.580319870913071,0.8785300965454356,0.3696313230642001,1.0,0.6065763742481192,0.6475315729047072,1.6298786955752347
qwen_8b_ol_q4km,exp_20260303_200435_3063473428128,qa,39.54697077136901,7.585916042327881,25.2863868077596,,300,8.827027027027027,20.7,9823.96410472973,9846.94921875,83.83783783783784,100,5692.6171875,5692.6171875,73.45956756756756,98.66,569.3354427796605,61.0,30.823427367210392,1128,1128.0,0.0,300,0.5824790856503322,0.8733627517678451,0.43642672159043133,0.9430875482995589,0.6259284762676158,0.7827181208053692,2.0639856688717293
qwen_8b_ol_q4km,exp_20260303_200445_3063473428128,qa,37.588111474996126,5.320831298828125,26.604156494140625,,200,8.107692307692307,17.4,9822.68524639423,9832.48046875,75.46153846153847,94,5692.6171875,5692.6171875,64.97130769230769,93.668,354.39265823245046,59.15384615384615,19.994807569384573,926,926.0,0.0,200,0.5470442833749437,0.935018884727991,0.6801778601904179,0.7904750571840334,0.7033767368255002,0.613255033557047,2.0326410563387407
qwen_8b_ol_q4km,exp_20260303_200453_3063473428128,qa,29.52638160638343,6.773603439331055,33.86801719665527,,200,9.451515151515151,18.2,9855.366240530304,9897.578125,59.45454545454545,95,5692.6171875,5692.6171875,62.48730303030303,96.093,435.0245696916581,56.57575757575758,29.496403298377984,893,893.0,0.0,200,0.4012115508142965,0.8954740895441926,0.5887390139547661,0.49883468375396495,0.6057485513754063,0.5855704697986577,1.4732673731287764
qwen_8b_ol_q4km,exp_20260303_200502_3063473428128,qa,39.613805043244454,7.57311749458313,25.243724981943767,,300,9.045945945945945,23.8,9848.734691722973,9862.6875,83.45945945945945,96,5692.6171875,5692.6171875,75.68643243243244,92.856,577.3984833703042,59.054054054054056,31.500760985612864,1324,1324.0,0.0,300,0.5836880847925937,0.8737111312109153,0.42728300770076766,0.9361936606393388,0.6237734755905424,0.9471476510067114,2.478202791665319
qwen_8b_ol_q4km,exp_20260303_200512_3063473428128,qa,38.044508849151754,5.25700044631958,26.2850022315979,,200,7.88076923076923,14.2,9844.92352764423,9862.3125,86.96153846153847,100,5692.6171875,5692.6171875,70.02142307692307,93.018,371.3204310013056,58.19230769230769,19.373803194165227,895,895.0,0.0,200,0.5553002876434262,0.9367563753629531,0.6609812916940047,1.0,0.7014414151744578,0.587248322147651,1.9356075362004035
qwen_8b_ol_q4km,exp_20260303_200519_3063473428128,reasoning,42.00185239378352,14.285084247589111,23.808473745981853,,600,9.969565217391303,20.1,9833.693444293478,9869.83984375,90.97101449275362,100,5692.6171875,5692.6171875,82.61685507246376,93.552,1186.222803497195,60.04347826086956,64.98298014879228,962,962.0,0.1,600,0.5712334278081391,0.8307245340227172,0.3651059391554788,1.0,0.5872425130767145,0.9154518950437318,2.1890845784398048
qwen_8b_ol_q4km,exp_20260303_200536_3063473428128,reasoning,40.003897331368215,7.999220609664917,24.997564405202866,7.066235780715942,320,8.553846153846154,18.6,9808.897135416666,9834.5234375,86.8974358974359,100,5692.6171875,5692.6171875,74.52058974358977,93.224,607.0531503506899,59.23076923076923,31.39925560712814,42,42.0,0.1,320,0.5384592439494493,0.9137172006073675,0.6807246908899999,0.9340298255960906,0.69371626502899,0.021379980563654033,0.09921465157394282
qwen_8b_ol_q4km,exp_20260303_200546_3063473428128,reasoning,41.06830662964945,9.73987078666687,24.349676966667175,,400,9.908510638297873,33.2,9803.220910904256,9829.73046875,85.36170212765957,97,5692.6171875,5692.6171875,77.65104255319149,96.384,767.7489731434582,59.361702127659576,44.20111690878869,643,643.0,0.1,400,0.5559196697112759,0.8907352830695983,0.5931534331017819,0.9091591566597974,0.6675344827359244,0.6054421768707483,1.7970923957175522
qwen_8b_ol_q4km,exp_20260303_200558_3063473428128,reasoning,40.54981917531958,7.89152717590332,24.661022424697876,,320,8.810526315789472,19.2,9826.939453125,9857.82421875,86.5,97,5692.6171875,5692.6171875,79.56676315789473,93.065,634.0636057524681,59.39473684210526,32.006394662261,506,506.0,0.1,320,0.5474144718335576,0.915139084020111,0.66600533159454,0.9275934908465029,0.6933091134178183,0.47230320699708456,1.5229462780007288
qwen_8b_ol_q4km,exp_20260303_200608_3063473428128,reasoning,41.19518164258104,9.70987343788147,24.274683594703674,,400,8.42340425531915,20.3,9857.182928856382,9874.05859375,83.65957446808511,100,5692.6171875,5692.6171875,77.16631914893615,94.166,760.8188826459647,59.638297872340424,37.42649684786796,620,620.0,0.1,400,0.5580009102151874,0.8911313400173103,0.5969299889008353,0.8815937971282756,0.6696187627615187,0.5830903790087464,1.7424297056456417
qwen_8b_ol_q4km,exp_20260303_200620_3063473428128,summary,37.93423227149058,6.590353488922119,26.361413955688477,5.256057500839233,250,7.971875000000001,19.3,9845.561401367188,9866.359375,82.0,100,5692.6171875,5692.6171875,68.42984375,92.722,461.5575009436608,58.34375,24.243721557855608,74,74.0,0.7,250,0.6421728805713001,0.8291067566815763,0.44960823349691725,0.9433628318584071,0.640483649282068,0.10571428571428572,0.31315065081549126
qwen_8b_ol_q4km,exp_20260303_200629_3063473428128,summary,35.88257376268846,5.573736190795898,27.868680953979492,,200,7.7555555555555555,13.8,9844.958912037036,9863.140625,74.5925925925926,94,5692.6171875,5692.6171875,65.21018518518518,92.199,371.78588243746754,57.666666666666664,20.09195987820626,323,323.0,0.7,200,0.6059862607675899,0.8583212382878349,0.5577896738689242,0.8581448705342511,0.6672277779540636,0.4614285714285714,1.3753406522112905
qwen_8b_ol_q4km,exp_20260303_200637_3063473428128,summary,38.00539525138429,6.5780134201049805,26.312053680419922,5.792681932449341,250,9.55625,20.0,9843.039672851562,9877.90234375,85.0625,100,5692.6171875,5692.6171875,70.66284375000001,92.871,470.3869386522769,57.53125,28.76617362678051,34,34.0,0.7,250,0.6434280347241306,0.8294613726360193,0.43896810797743463,0.9785951327433628,0.6379000580736884,0.04857142857142857,0.157407787456811
qwen_8b_ol_q4km,exp_20260303_200645_3063473428128,summary,39.27115472908219,6.365995645523071,25.463982582092285,,250,8.938709677419356,14.1,9868.183845766129,9892.7421875,84.74193548387096,96,5692.6171875,5692.6171875,77.16490322580647,93.056,495.74955321729186,57.83870967741935,26.00346023261547,418,418.0,0.7,250,0.6657531715760424,0.8355541170612218,0.40840428144851815,0.9749072223808164,0.639488788183339,0.5971428571428572,1.638662576945952
qwen_8b_ol_q4km,exp_20260303_200654_3063473428128,summary,36.44617028390847,5.487545013427734,27.437725067138672,,200,9.222222222222221,21.3,9860.963831018518,9890.5625,83.81481481481481,100,5692.6171875,5692.6171875,67.36792592592592,92.325,371.0639844180346,57.18518518518518,23.39254380762577,332,332.0,0.7,200,0.6159268297992218,0.8607981099390306,0.5586596143784469,0.9642412323828253,0.6722080492149319,0.4742857142857143,1.4336804449015956
qwen_8b_ol_q4km,exp_20260303_200702_3063473428128,translation,39.43905196168264,7.606673717498779,25.355579058329266,,300,9.618918918918919,18.5,9858.234797297297,9869.7421875,83.45945945945945,95,5692.6171875,5692.6171875,73.25172972972973,94.437,562.4869128124714,57.972972972972975,33.79416591882706,1161,1161.0,0.2,300,0.5952439397898392,0.8452351060529526,0.43886234008382047,0.9093017342784736,0.6233268097569676,0.7625083388925951,1.9978326876167884
qwen_8b_ol_q4km,exp_20260303_200712_3063473428128,translation,40.620359842798784,7.385458946228027,24.618196487426758,,300,8.380555555555555,15.4,9875.348307291666,9897.34765625,89.08333333333333,100,5692.6171875,5692.6171875,76.07230555555556,93.366,566.127653353095,58.361111111111114,28.469631521701814,1095,1095.0,0.2,300,0.6172568925277777,0.8510031993378095,0.4349880879801311,1.0,0.6327001432064934,0.7184789859906604,1.9307693148406135
qwen_8b_ol_q4km,exp_20260303_200721_3063473428128,translation,40.42699533340119,7.420783996582031,24.735946655273438,,300,9.619444444444444,20.5,9867.300672743055,9915.97265625,80.69444444444444,95,5692.6171875,5692.6171875,71.13108333333332,92.233,537.5268653199673,57.861111111111114,32.942457928061486,1337,1337.0,0.2,300,0.6136536626885404,0.8500821117243392,0.465423287074417,0.8647093283710673,0.6401130847150431,0.8799199466310874,2.4059243781183843
qwen_8b_ol_q4km,exp_20260303_200731_3063473428128,translation,38.928033024246005,6.165222883224487,25.68842868010203,,240,7.7733333333333325,19.9,9861.304166666667,9888.03515625,81.16666666666667,96,5692.6171875,5692.6171875,69.84560000000002,92.304,437.27180281877514,57.4,22.17233564436436,766,766.0,0.2,240,0.5857214131921537,0.8828204030467631,0.5721085568613762,0.8723250284296497,0.6707672532493032,0.4989993328885924,1.5004428014806528
qwen_8b_ol_q4km,exp_20260303_200739_3063473428128,translation,40.54220414004431,7.399696350097656,24.66565450032552,,300,7.775000000000001,12.1,9833.874565972223,9855.8046875,82.83333333333333,95,5692.6171875,5692.6171875,74.6051388888889,93.68,557.6821259256602,58.166666666666664,26.475258309245113,1207,1207.0,0.2,300,0.6158005086176754,0.850631964301458,0.44397529869658076,0.8992039698128812,0.6347023823464819,0.7931954636424283,2.1401560411288134
qwen25_3b_hf_4bit,exp_20260303_211315_2358431307424,code,14.939312632875701,80.25804328918457,66.93748397763517,,1199,12.947803617571058,39.1,10070.897831879845,13329.3359375,34.775193798449614,48,3185.07152374031,3414.6171875,28.55768217054263,43.809,2287.0132209959024,42.58397932816538,467.9095683681966,4601,4601.0,0.1,1200,0.1785760055669973,0.7879681544045263,0.8212131894641268,0.20560945195139346,0.5541848053873948,0.8289983397897067,1.8406546111363546
qwen25_3b_hf_4bit,exp_20260303_211438_2358431307424,code,18.364261955767812,34.795844316482544,54.453590479628396,,639,13.385798816568046,100.0,10003.905718380178,10063.48046875,38.44378698224852,100,3504.0846431213017,3504.6171875,30.820236686390537,40.43,1075.1956943441633,43.50887573964497,206.1558142966032,2217,2217.0,0.1,640,0.23070070606135315,0.9155715167388319,0.9266659484766409,0.2569151416873741,0.644951521989183,0.3892270798745619,1.09362756982302
qwen25_3b_hf_4bit,exp_20260303_211515_2358431307424,code,18.530100177761295,34.376500606536865,53.96624898985379,,637,12.613173652694611,24.5,9306.09798372006,9369.734375,38.862275449101794,100,3504.6171875,3504.6171875,29.999754491017963,33.605,1034.4805841000086,43.50898203592814,196.0664750540256,2670,2670.0,0.1,640,0.23322461717272322,0.9167485312381731,0.9302089907369784,0.2627677501295636,0.6473771034616347,0.4727909979708541,1.3313858627781798
qwen25_3b_hf_4bit,exp_20260303_211551_2358431307424,code,18.67071392053681,42.84785270690918,53.559815883636475,,800,12.619230769230768,26.5,9305.65996844952,9372.16015625,39.21153846153846,98,3504.6171875,3504.6171875,30.950990384615388,36.223,1329.4739600282915,43.46153846153846,244.6203088831901,1614,1614.0,0.1,800,0.2353646340128483,0.892971128561845,0.904538570316501,0.26765223277851563,0.6333987632686431,0.27799299022320606,0.7647159970126219
qwen25_3b_hf_4bit,exp_20260303_211636_2358431307424,code,18.77633711942622,42.60681915283203,53.25852394104004,,800,12.465700483091787,22.8,9311.217693236715,9357.765625,37.80193236714976,41,3651.1872358091787,3652.6171875,32.940091787439606,40.074,1406.7173874125479,44.16425120772947,240.13912345826643,3236,3236.0,0.1,800,0.23697212571223417,0.8936476618715096,0.8978168219062773,0.24793873245145995,0.6322281954182297,0.5771997786386276,1.5543769320971803
qwen25_3b_hf_4bit,exp_20260303_211721_2358431307424,creative,17.383673255391543,28.76262068748474,57.52524137496948,,500,11.766187050359711,28.0,9347.428872526978,9410.26171875,37.76978417266187,93,3652.6171875,3652.6171875,26.824323741007195,31.004,773.723933857203,42.87769784172662,153.27538443267355,768,768.0,0.8,500,0.23496553390211622,0.8054750580958707,0.8347814777344768,0.15602065891096373,0.5860631743099507,0.8421052631578947,2.0099817036911296
qwen25_3b_hf_4bit,exp_20260303_211752_2358431307424,creative,17.50851165486865,28.557538747787476,57.11507749557495,,500,12.31726618705036,30.0,9334.665074190647,9408.6875,36.96402877697842,100,3652.6171875,3652.6171875,27.529453237410074,30.932,787.6069750175478,42.67625899280576,159.13113908529286,844,844.0,0.8,500,0.23690979199286416,0.8068833688164571,0.8317797162374108,0.14305820497293628,0.586362842313306,0.9254385964912281,2.2081127198550488
qwen25_3b_hf_4bit,exp_20260303_211823_2358431307424,creative,17.950608197336447,27.854209423065186,55.70841884613037,,500,12.351111111111111,24.3,9304.114438657407,9388.8359375,36.94074074074074,42,3652.6171875,3652.6171875,28.109096296296297,32.055,784.3783676532505,42.62222222222222,155.6418943458795,763,763.0,0.8,500,0.24379509157364215,0.8117131760124069,0.8324777988234493,0.1426835626203624,0.5907753290802137,0.8366228070175439,2.0194966225628814
qwen25_3b_hf_4bit,exp_20260303_211853_2358431307424,creative,17.279355311972722,28.878392219543457,57.87252949808308,,499,11.843262411347519,24.2,9304.612699468085,9342.59765625,38.04964539007092,52,3652.6171875,3652.6171875,26.931574468085106,46.75,780.401440633416,42.02127659574468,154.84697826325888,872,872.0,0.8,500,0.233340865479966,0.80468004762358,0.8333376814865419,0.16052287901291912,0.584741664925023,0.956140350877193,2.2718904514989773
qwen25_3b_hf_4bit,exp_20260303_211924_2358431307424,creative,18.195043861789244,21.929048538208008,54.96002139901756,,399,13.19906542056075,25.1,9334.061514310748,9379.8203125,38.71028037383178,98,3652.6171875,3652.6171875,27.411672897196258,32.274,603.5917779376507,42.36448598130841,131.17149590313437,584,584.0,0.8,400,0.2476019812828206,0.8524016325759708,0.8715670889815916,0.17115073281659854,0.616231408980397,0.6403508771929824,1.6516067863843562
qwen25_3b_hf_4bit,exp_20260303_211948_2358431307424,math,17.967600612359337,22.206637859344482,55.65573398331951,,399,14.370370370370372,27.8,9346.345739293982,9405.62109375,37.648148148148145,93,3652.6171875,3652.6171875,28.34485185185185,35.5,632.1254696674349,42.68518518518518,144.59452094614505,1285,1285.0,0.0,400,0.24688725771737813,0.7347972016728613,0.6633313435361402,0.4201394504645354,0.5181934666496517,0.4637315048718874,0.9632476853137192
qwen25_3b_hf_4bit,exp_20260303_212013_2358431307424,math,18.584208834994218,21.46984052658081,53.80912412676895,,399,12.31904761904762,27.0,9339.507105654762,9376.03515625,40.31428571428572,99,3652.6171875,3652.6171875,28.563180952380954,31.09,614.9899191087484,42.65714285714286,120.09702246129513,1127,1127.0,0.0,400,0.256149749923706,0.7438522635158157,0.6725742246949439,0.4498925625563181,0.5273878464327103,0.40671237820281486,0.8634518942853632
qwen25_3b_hf_4bit,exp_20260303_212036_2358431307424,math,18.383847641525687,17.35218906402588,54.39557700321592,,319,11.974117647058824,21.6,9299.92205882353,9318.95703125,37.95294117647059,50,3652.6171875,3652.6171875,27.830894117647055,31.937,484.1713216274978,42.305882352941175,94.54235238611696,1113,1113.0,0.0,320,0.25313998793087616,0.7944572087065245,0.7431375104055177,0.42354082826726036,0.5625344109059631,0.4016600505232768,0.9199814702103598
qwen25_3b_hf_4bit,exp_20260303_212056_2358431307424,math,18.647346072030828,32.122533559799194,53.62693415659298,,599,12.351923076923077,27.4,9332.671123798076,9408.4296875,39.13461538461539,100,3652.6171875,3652.6171875,29.77838461538461,38.68,958.9397293423411,42.8974358974359,178.99584657311442,1898,1898.0,0.0,600,0.2570981773765247,0.612933230668637,0.48704839582272175,0.4367278766842086,0.4328337588980175,0.6849512811259473,1.2040747216938366
qwen25_3b_hf_4bit,exp_20260303_212130_2358431307424,math,14.736358251286587,21.647139310836792,67.85937088036611,,319,11.145283018867925,28.6,9325.752579599057,9384.3046875,37.14150943396226,99,3652.6171875,3652.6171875,22.511301886792456,29.428,489.58953092157867,41.25471698113208,109.27442045688625,1034,1034.0,0.0,320,0.1983485647718007,0.7416733041402481,0.7402149393199141,0.41448554923878317,0.523905898946769,0.37315048718874055,0.7882228695196255
qwen25_3b_hf_4bit,exp_20260303_212154_2358431307424,multi_turn,18.46029110909705,64.84188103675842,54.17032668066702,,1197,12.424126984126985,26.0,9330.214310515874,9394.890625,38.16825396825397,100,3652.6171875,3652.6171875,29.17939682539682,41.04,1894.224548610807,42.425396825396824,363.3819468569754,518,489.25,0.2,300,0.182138341912586,0.677060132860299,0.6003639581873212,0.33286000536483235,0.45608256407932046,0.5797933409873708,1.0647676038705318
qwen25_3b_hf_4bit,exp_20260303_212301_2358431307424,multi_turn,18.47421407869565,38.86498212814331,54.129501571230236,,718,12.612698412698414,26.0,9271.142299107143,9415.421875,37.68783068783069,100,3652.6171875,3652.6171875,28.97039682539682,40.089,1127.7500277456043,42.68783068783069,221.53186297953138,561,453.6666666666667,0.7,240,0.18236204280621165,0.832715318995139,0.7992992593224107,0.3266619052990199,0.5625491906177496,0.6291618828932262,1.4284517303156778
qwen25_3b_hf_4bit,exp_20260303_212342_2358431307424,multi_turn,18.711869169486846,48.097813844680786,53.44201538297865,,900,12.710729613733907,26.7,9238.428581008584,9328.0078125,37.4549356223176,77,3652.6171875,3652.6171875,29.41749356223176,47.457,1417.7164555045374,42.8755364806867,276.00458693325504,318,441.0,0.7,300,0.18618045638588565,0.7773916198713503,0.7240396687489696,0.3236572488227304,0.5249015691404503,0.35017221584385766,0.7424724405017465
qwen25_3b_hf_4bit,exp_20260303_212433_2358431307424,multi_turn,18.350009672120443,39.18254065513611,54.49588408224772,,719,12.912631578947366,31.3,9091.0484375,9286.51171875,38.33157894736842,100,3652.6171875,3652.6171875,28.626036842105265,39.775,1124.158783096313,42.90526315789474,228.79776946306214,445,434.3333333333333,0.7,240,0.18036644577884228,0.8308124886456942,0.8002313520617101,0.3349671150846323,0.5614597305237582,0.49598163030998854,1.1280628847457124
qwen25_3b_hf_4bit,exp_20260303_212514_2358431307424,multi_turn,16.55015722982984,81.3889548778534,60.42238669476867,,1347,11.557106598984772,28.3,9089.505621430837,9164.31640625,36.59390862944162,100,3652.6171875,3652.6171875,26.633527918781727,38.829,2170.377517911079,42.01015228426396,424.580441188216,884,918.3333333333334,0.2,450,0.15144814664133274,0.577909042201499,0.5286895937934651,0.3125488540411351,0.3925588494550223,1.0,1.6357834250414545
qwen25_3b_hf_4bit,exp_20260303_212638_2358431307424,qa,13.778959739411473,21.77232575416565,72.57441918055217,,300,9.950000000000001,22.4,9048.166273584906,9103.20703125,32.075471698113205,46,3652.6171875,3652.6171875,20.813471698113208,28.667,453.7453743011953,40.24528301886792,98.23195914208888,1175,1175.0,0.0,300,0.11634842601686367,0.487205383514718,0.5675090971250607,0.0,0.3629537145986791,0.8221476510067114,1.286071290078706
qwen25_3b_hf_4bit,exp_20260303_212702_2358431307424,qa,16.896133351989974,11.837027788162231,59.18513894081116,,200,10.56896551724138,17.8,9079.952720905172,9146.1171875,34.241379310344826,42,3652.6171875,3652.6171875,25.02993103448276,30.41,298.66987752342226,40.793103448275865,57.12679545879366,832,832.0,0.0,200,0.17273656518760652,0.757646502394931,0.7433690544070339,0.039461884225869305,0.5193992931156322,0.5343959731543624,1.1096518319584765
qwen25_3b_hf_4bit,exp_20260303_212716_2358431307424,qa,17.615009083839393,11.353953838348389,56.76976919174194,,200,11.082142857142859,19.6,9080.20472935268,9127.109375,39.19642857142857,66,3652.6171875,3652.6171875,25.206875,28.325,287.05104242813593,40.30357142857143,57.467015583515185,925,925.0,0.0,200,0.1857406739900237,0.7707958875403563,0.7565451388689874,0.12974070275446659,0.5324985775188126,0.6124161073825504,1.3034853470139605
qwen25_3b_hf_4bit,exp_20260303_212730_2358431307424,qa,15.928836605109884,18.83376717567444,62.779223918914795,,300,10.232608695652175,15.5,9080.720830502718,9141.625,36.22826086956522,97,3652.6171875,3652.6171875,24.83919565217392,32.255,470.05179316115374,40.17391304347826,87.59074638783932,1387,1387.0,0.0,300,0.1552386422735976,0.5671936307300042,0.5490171613665465,0.07566199249349985,0.39695869453840427,1.0,1.6475235697854163
qwen25_3b_hf_4bit,exp_20260303_212751_2358431307424,qa,16.10855936585882,12.415759563446045,62.078797817230225,,200,11.239344262295079,22.9,9086.838819159837,9136.87890625,38.47540983606557,100,3652.6171875,3652.6171875,24.522377049180335,28.697,306.02676770174503,40.0655737704918,63.732964183688175,868,868.0,0.0,200,0.15848973871698055,0.7418932890162441,0.7350261348654507,0.1166040584678429,0.5064717226513007,0.5645973154362416,1.14114209923175
qwen25_3b_hf_4bit,exp_20260303_212805_2358431307424,reasoning,17.550648527268745,34.12979292869568,56.9779514669377,,599,12.128313253012049,22.4,9050.161215173193,9180.0703125,37.0722891566265,45,3652.6171875,3652.6171875,28.099102409638547,32.965,961.8135800204275,40.89156626506024,187.0868661940098,1049,1049.0,0.1,600,0.17013919592952256,0.5687135541624418,0.48739784206623804,0.12712907646860322,0.384889097240413,1.0,1.6157133006980018
qwen25_3b_hf_4bit,exp_20260303_212842_2358431307424,reasoning,17.43684573279254,18.23724341392517,57.34982205636846,,318,11.743820224719101,21.9,8674.077422752809,8719.6484375,38.48314606741573,99,3652.6171875,3652.6171875,26.53085393258427,29.225,486.3272506796123,40.853932584269664,97.30798856735231,579,579.0,0.1,320,0.1682723903241518,0.7785439194127707,0.7465143218715353,0.1499774085397478,0.5248264285149525,0.543245869776482,1.140305041931849
qwen25_3b_hf_4bit,exp_20260303_212902_2358431307424,reasoning,17.749221181438255,22.479859590530396,56.34050022689322,,399,11.225454545454545,17.2,8712.95440340909,8736.96484375,38.60909090909091,99,3652.6171875,3652.6171875,27.48637272727272,35.829,620.739833894372,40.78181818181818,114.433584458828,622,622.0,0.1,400,0.17339655481585908,0.7225283819984213,0.6732661268026483,0.152017041009374,0.48809697456666445,0.5850340136054422,1.14012370997732
qwen25_3b_hf_4bit,exp_20260303_212927_2358431307424,reasoning,14.178322994805953,22.49913477897644,70.53020306889167,,319,10.043636363636365,24.4,8689.428444602272,8763.6328125,32.68181818181818,45,3652.6171875,3652.6171875,22.303854545454545,29.963,503.47349821364907,39.93636363636364,102.56219186067581,489,489.0,0.1,320,0.11482002528777822,0.7222738904312789,0.7371704668987769,0.05602694129528739,0.48376131731412797,0.4557823129251701,0.8851160666256263
qwen25_3b_hf_4bit,exp_20260303_212952_2358431307424,reasoning,16.84388088018641,23.747496366500854,59.368740916252136,,400,11.316379310344827,23.4,8682.349070581897,8733.8046875,38.35344827586207,100,3652.6171875,3652.6171875,26.991336206896552,36.226,643.6221680618522,40.293103448275865,121.88772771656514,583,583.0,0.1,400,0.15854547530657342,0.7057916911698402,0.6607963889504038,0.14787699836515794,0.47339461415870254,0.5471331389698737,1.038254839906969
qwen25_3b_hf_4bit,exp_20260303_213018_2358431307424,summary,16.973904975411134,14.669576644897461,58.91396242930707,,249,10.823611111111113,28.1,8674.878526475695,8739.19140625,39.041666666666664,100,3652.6171875,3652.6171875,26.080027777777776,30.039,385.0723288220168,40.25,72.36671856880187,468,468.0,0.7,250,0.27248007274266933,0.5969345157427888,0.5417785232266216,0.4491519174041298,0.45060594078789085,0.6685714285714286,1.2130472560383951
qwen25_3b_hf_4bit,exp_20260303_213035_2358431307424,summary,16.27029350296443,12.230879545211792,61.46170625734569,,199,12.426666666666668,25.9,8697.320572916668,8722.84765625,35.7,100,3652.6171875,3652.6171875,26.001600000000003,32.42,320.4254449186325,40.18333333333333,69.27887464284896,371,371.0,0.7,200,0.2600699563740231,0.6670152350983604,0.6196828000192646,0.41070796460176995,0.4900373930848967,0.53,1.038536219371191
qwen25_3b_hf_4bit,exp_20260303_213049_2358431307424,summary,14.82256558582193,16.79871129989624,67.46470401564756,,249,10.75,20.5,8706.378668064024,8767.45703125,33.426829268292686,100,3652.6171875,3652.6171875,23.11279268292683,29.756,390.33637225902083,39.76829268292683,82.1360057097673,700,700.0,0.7,250,0.23453530745847792,0.5357496772294599,0.5354349615233577,0.38455644290956187,0.41516951460923646,1.0,1.697962738638888
qwen25_3b_hf_4bit,exp_20260303_213108_2358431307424,summary,17.468459138854556,14.311508417129517,57.246033668518066,,250,11.318571428571428,18.8,8690.318359375,8723.7265625,38.27142857142857,100,3652.6171875,3652.6171875,28.445671428571426,40.336,409.72194103598576,40.6,73.801123239398,474,474.0,0.7,250,0.2812028906034828,0.6072243049025768,0.5120739172688421,0.44029077117572696,0.44827062289281877,0.6771428571428572,1.2232631675443715
qwen25_3b_hf_4bit,exp_20260303_213125_2358431307424,summary,15.778820116933558,12.61184287071228,63.3760948276999,,199,10.856451612903228,21.8,8671.361139112903,8772.66015625,34.08064516129032,100,3652.6171875,3652.6171875,25.486887096774186,39.885,323.34326212155827,40.37096774193548,62.40349799573422,686,686.0,0.7,200,0.25140147646489575,0.6560675106340937,0.6161666144696751,0.39207821866971165,0.48223082811708895,0.98,1.8758200606299107
qwen25_3b_hf_4bit,exp_20260303_213140_2358431307424,translation,15.096537525289728,19.739625692367554,66.24035467237434,,298,15.788541666666665,49.6,8823.925496419271,9148.6875,36.270833333333336,99,3652.6171875,3652.6171875,22.484708333333334,29.157,446.21007239365565,39.833333333333336,142.0956754696369,673,673.0,0.2,300,0.14163601218961805,0.5288728739573499,0.5625970002652856,0.14827354491884634,0.38409536714263787,0.43695797198132086,0.7140991590697787
qwen25_3b_hf_4bit,exp_20260303_213202_2358431307424,translation,15.198474648530249,19.73882293701172,65.79607645670573,,300,13.602083333333335,33.1,9019.868286132812,9055.2421875,38.03125,99,3652.6171875,3652.6171875,23.902927083333335,29.642,474.07972171998017,40.9375,121.29901440739634,1478,1478.0,0.2,300,0.1435355483833619,0.5288938055061375,0.5329398340028685,0.17666442675488475,0.37596431120604656,0.9739826551034023,1.5519357545552508
qwen25_3b_hf_4bit,exp_20260303_213224_2358431307424,translation,18.292643728260796,16.40003514289856,54.666783809661865,,300,13.291250000000002,28.0,9027.181591796874,9075.18359375,38.5375,100,3652.6171875,3652.6171875,27.551925,30.334,454.4389964553117,41.6125,98.8898588901758,1512,1512.0,0.2,300,0.2011935042847012,0.6159514614852477,0.5538402855251823,0.18482890520004142,0.43141492581700946,0.9966644429619747,1.7398728171193618
qwen25_3b_hf_4bit,exp_20260303_213242_2358431307424,translation,18.16143453098413,13.214815139770508,55.061729749043785,,240,11.933846153846153,21.8,9006.614483173076,9028.59765625,35.66153846153846,41,3652.6171875,3652.6171875,26.713184615384616,31.967,355.6745027561188,41.49230769230769,71.935188549757,397,397.0,0.2,240,0.19874850082319453,0.6990048941529438,0.6589393836933722,0.1384472242323995,0.48688268368317256,0.25283522348232157,0.5024403040849343
qwen25_3b_hf_4bit,exp_20260303_213258_2358431307424,translation,18.049346193256103,16.621100664138794,55.40366888046265,,300,12.224691358024693,23.5,9003.030044367284,9043.89453125,35.79012345679013,41,3652.6171875,3652.6171875,27.169135802469132,33.909,454.10782121109963,41.18518518518518,92.4829522132874,1067,1067.0,0.2,300,0.19665980293137156,0.610187259839696,0.554192701846055,0.14052096136247907,0.42797790967827387,0.6997998665777185,1.2195411108629233
qwen25_3b_hf_8bit,exp_20260303_213318_2451737990816,code,7.3630718433279965,162.97545719146729,135.8128809928894,,1200,13.59936224489796,47.7,9831.145876514669,12663.40625,36.900510204081634,47,4527.112653459822,4654.6171875,19.055670918367348,29.195,3105.3122896177724,39.24872448979592,998.0391862750051,3525,3525.0,0.1,1200,0.06327231935221107,0.5557968037871154,0.7500045358626461,0.23533224176076448,0.41704932963581287,0.6305109758347168,1.0802095483614487
qwen25_3b_hf_8bit,exp_20260303_213603_2451737990816,code,7.5567595322595915,84.56005477905273,132.33185411432353,,639,13.26039119804401,43.3,9058.46853033313,9718.58984375,37.8239608801956,42,4744.177089700489,4744.6171875,18.562809290953545,25.116,1570.6865099028366,38.9682151589242,505.60731739461437,2300,2300.0,0.1,640,0.06622007472701999,0.7758932626634204,0.8835481750356242,0.24824680369268287,0.5243204612005214,0.40453790813503043,0.8535214581196919
qwen25_3b_hf_8bit,exp_20260303_213730_2451737990816,code,6.910510903439523,92.1784234046936,144.7071011062694,,637,12.282997762863534,27.9,9071.368743008949,9149.921875,37.76510067114094,78,4744.6171875,4744.6171875,17.83514765100671,22.022,1644.8818319203842,38.04026845637584,510.4628502023214,2690,2690.0,0.1,640,0.05638474198297536,0.7545100151720776,0.8770916737551135,0.24742363702571923,0.5120344034713475,0.4764803541781959,0.9769356709971113
qwen25_3b_hf_8bit,exp_20260303_213904_2451737990816,code,7.536733519402236,106.01409721374512,132.68347586200892,,799,13.373735408560313,37.7,8969.373328064203,9180.203125,37.62645914396887,47,4744.6171875,4744.6171875,17.85037937743191,25.455,1893.4274052922722,38.48443579766537,639.6022666615246,2802,2802.0,0.1,800,0.06591529651751225,0.7156760269777153,0.8554631563620446,0.2454847196202611,0.49770787360893287,0.4971407489393101,0.9899444532008584
qwen25_3b_hf_8bit,exp_20260303_214052_2451737990816,code,6.920923208112036,115.44702577590942,144.4893939623397,,799,11.812724014336917,38.8,8912.143439180107,8978.12890625,36.691756272401435,48,4892.086721550179,4892.6171875,17.91632258064516,24.954,2069.378791909815,37.91756272401434,614.5342436832187,1686,1686.0,0.1,800,0.05654320805395724,0.6891996701716088,0.8401518089332252,0.23241279446493218,0.48142272695303306,0.2912746725696366,0.5699728080114915
qwen25_3b_hf_8bit,exp_20260303_214250_2451737990816,creative,7.083053728634105,70.59102177619934,141.18204355239868,,500,11.925146198830408,26.1,8881.43479303728,8969.29296875,37.005847953216374,77,4892.6171875,4892.6171875,17.7980701754386,20.632,1257.3257280206685,36.91520467836257,379.62299290001414,732,732.0,0.8,500,0.07454163437681671,0.5182367680485755,0.7302181310681573,0.14373096391270235,0.4043531234857465,0.8026315789473685,1.341758061437379
qwen25_3b_hf_8bit,exp_20260303_214403_2451737990816,creative,7.406798241217555,67.3705403804779,135.01110296688958,,499,12.442813455657491,51.4,8749.183223432721,9147.203125,37.74617737003058,55,4892.6171875,4892.6171875,18.36418348623853,25.189,1238.4820226759905,37.379204892966364,378.0011519497632,851,851.0,0.8,500,0.07958369587842268,0.5403520185759435,0.7342924767761625,0.15564088845783175,0.41422682695700086,0.9331140350877193,1.5830085639315137
qwen25_3b_hf_8bit,exp_20260303_214513_2451737990816,creative,7.457430828541235,67.04721927642822,134.09443855285645,,500,13.357407407407406,34.5,8956.621949749227,9073.890625,38.03086419753087,51,4892.6171875,4892.6171875,18.374617283950617,35.498,1233.1704186748264,38.30246913580247,404.153732510805,762,762.0,0.8,500,0.08037225787514726,0.5425722851566924,0.7354409404444758,0.16022073974769563,0.41555287083040937,0.8355263157894737,1.422374294196065
qwen25_3b_hf_8bit,exp_20260303_214622_2451737990816,creative,7.081198824976317,70.46829390525818,141.21902586224084,,499,12.493255131964812,50.0,8931.879089534457,9017.66015625,37.26392961876833,79,4892.6171875,4892.6171875,17.61247214076246,24.189,1242.0744296661624,37.780058651026394,394.7944910985231,850,850.0,0.8,500,0.0745127457379098,0.5190795481423095,0.7335157342123149,0.1478828091499645,0.40558368300155123,0.9320175438596491,1.558557433620818
qwen25_3b_hf_8bit,exp_20260303_214735_2451737990816,creative,7.737684673942806,51.82428812980652,129.2376262588691,,401,12.74920634920635,26.6,8918.943622891866,8982.8203125,38.301587301587304,50,4892.6171875,4892.6171875,18.556924603174604,26.495,962.3100265641211,37.948412698412696,298.30062279045603,592,592.0,0.8,400,0.08473698706638585,0.6471091213314576,0.794005795704036,0.16457595199336078,0.4662292699372024,0.6491228070175439,1.2121336632838342
qwen25_3b_hf_8bit,exp_20260303_214829_2451737990816,math,7.747791468688785,51.4985466003418,129.069039098601,,399,13.208800000000002,32.2,8948.149765625,9031.3203125,38.564,63,4892.6171875,4892.6171875,18.7076,22.056,964.5660585975643,38.348,307.28884758174394,1256,1256.0,0.0,400,0.09336854183178217,0.3748066949849391,0.48401356525289413,0.43036001940805435,0.29499349480406284,0.45326596896427285,0.6479185372408907
qwen25_3b_hf_8bit,exp_20260303_214922_2451737990816,math,7.266013944527635,54.91318941116333,137.62704113073517,,399,12.640977443609023,27.5,8931.278694783834,9016.6015625,37.526315789473685,64,4892.6171875,4892.6171875,17.978684210526314,20.744,988.188406791687,37.984962406015036,313.7024089318513,1181,1181.0,0.0,400,0.08613143340715289,0.33284155688161515,0.4712717186281018,0.4187798462677801,0.27568655601577624,0.42619992782389027,0.594024161476828
qwen25_3b_hf_8bit,exp_20260303_215020_2451737990816,math,7.243885088366479,44.037142515182495,138.04746869963165,,319,12.3607476635514,25.7,8930.24828417056,9014.09765625,37.81308411214953,49,4892.6171875,4892.6171875,17.67565887850467,20.568,779.3660936133867,37.85981308411215,246.04348531186577,1155,1155.0,0.0,320,0.08579902078240426,0.46650555493189855,0.5839100501134643,0.42198007500215395,0.34944428982657055,0.41681703356189104,0.646148427737957
qwen25_3b_hf_8bit,exp_20260303_215106_2451737990816,math,7.305231975579869,81.99602723121643,136.88819237264846,,599,14.02613065326633,45.0,9082.863202732413,9215.2109375,37.037688442211056,74,4892.632066582914,4898.5390625,18.560336683417084,26.027,1522.4732556315644,38.824120603015075,518.3428191554545,1992,1992.0,0.0,600,0.0867205541707661,0.0,0.1830795566159507,0.41332694525514524,0.08961208865309166,0.7188740526885601,0.7919204975453402
qwen25_3b_hf_8bit,exp_20260303_215230_2451737990816,math,7.690552331690178,41.47946548461914,130.02967236557726,,319,12.68168316831683,26.9,9038.27103960396,9082.671875,38.386138613861384,61,4892.6171875,4892.6171875,18.540534653465347,19.343,770.1023838459255,38.86138613861386,237.69037403404712,1012,1012.0,0.0,320,0.09250871375799978,0.4979387899019326,0.5889068763418978,0.42837515192567294,0.363057185376349,0.365211115120895,0.5799757051775407
qwen25_3b_hf_8bit,exp_20260303_215314_2451737990816,multi_turn,7.418557638502583,161.4869167804718,134.79709247117847,,1198,12.808301404853129,32.9,8976.115920338441,9112.6484375,38.16858237547893,68,4892.6171875,4892.6171875,17.987113665389526,20.541,2905.4770870994334,38.30395913154534,931.9631984370939,535,566.5,0.2,300,0.004730381128350374,0.09795709671201822,0.33789753198339206,0.3328642422553527,0.13264854105996324,0.5993111366245695,0.6944892271116783
qwen25_3b_hf_8bit,exp_20260303_215558_2451737990816,multi_turn,7.415118654295381,96.96405863761902,134.85960867540894,,719,13.328784648187634,33.4,8900.19419642857,9002.71484375,37.30703624733476,60,4892.6171875,4892.6171875,17.897341151385927,20.649,1736.7093652654894,38.769722814498934,583.116061658263,329,409.3333333333333,0.7,240,0.004675126835444855,0.4845820564313945,0.6412463744700934,0.3217491499374992,0.3396185800046243,0.36280137772675086,0.5561033862324563
qwen25_3b_hf_8bit,exp_20260303_215737_2451737990816,multi_turn,7.124142396916558,126.19062757492065,140.36777260836558,,899,14.085901639344264,52.6,9125.251159067622,9245.48828125,37.136065573770495,81,4892.6171875,4892.6171875,18.061932786885244,24.703,2279.459443864942,38.7983606557377,802.179981814027,438,724.6666666666666,0.7,300,0.0,0.3094546463420525,0.50037782973961,0.31954340057802394,0.24294974282449874,0.48794489092996557,0.6491685339674369
qwen25_3b_hf_8bit,exp_20260303_215945_2451737990816,multi_turn,7.281309474580906,98.74597454071045,137.33793399264317,,719,16.117991631799164,53.7,9329.369843423117,9652.92578125,37.29916317991632,60,4892.6171875,4892.6171875,18.132654811715483,19.818,1791.7832578968992,39.34937238493724,717.6822951221469,424,428.3333333333333,0.7,240,0.0025252095447788805,0.4739047060460357,0.6269521727490189,0.3216475768837509,0.33126714745642794,0.4718714121699196,0.709957401301693
qwen25_3b_hf_8bit,exp_20260303_220126_2451737990816,multi_turn,7.574448563166462,177.83472800254822,132.02281217709594,,1347,15.645168800931316,32.8,9410.414899228754,9629.04296875,38.39231664726426,65,4892.6171875,4892.6171875,18.738769499417927,23.8,3333.1784026104237,40.66705471478463,1253.535620166062,619,968.6666666666666,0.2,450,0.007235086673275897,0.0,0.22688941927925638,0.3357507122937226,0.07096086045308728,0.695752009184845,0.7515682568091582
qwen25_3b_hf_8bit,exp_20260303_220426_2451737990816,qa,7.762717142987208,38.6462619304657,128.82087310155234,,300,13.672872340425531,27.0,9266.925760472075,9361.48046875,38.57446808510638,62,4892.6171875,4892.6171875,18.511553191489362,21.56,716.6487555977103,39.09574468085106,238.9182777661084,1088,1088.0,0.0,300,0.007517553253411075,0.027892920511902904,0.26936929835113743,0.11840885620399293,0.09218568696027653,0.7491610738255033,0.8271401557371948
qwen25_3b_hf_8bit,exp_20260303_220507_2451737990816,qa,7.564862961185344,26.4380202293396,132.190101146698,,200,13.084375,27.5,9279.189331054688,9328.65234375,38.7265625,63,4892.6171875,4892.6171875,18.4288515625,20.652,488.15627544784513,38.9921875,156.75122591614726,893,893.0,0.0,200,0.003938468311225812,0.3602040959300999,0.5284861713152147,0.12117994955905494,0.26818246749808466,0.5855704697986577,0.802853051733608
qwen25_3b_hf_8bit,exp_20260303_220536_2451737990816,qa,7.527254686599022,26.570111989974976,132.85055994987488,,200,13.472868217054264,32.2,9247.464631782947,9307.86328125,37.58139534883721,44,4892.6171875,4892.6171875,17.87377519379845,19.533,475.93583407926576,38.82945736434109,161.82982947528362,994,994.0,0.0,200,0.003258153101066294,0.35660852751702105,0.5423444941431269,0.1003155076580022,0.27098916773847087,0.6703020134228188,0.9205575665798443
qwen25_3b_hf_8bit,exp_20260303_220605_2451737990816,qa,7.562203904261625,39.67097473144531,132.23658243815103,,300,13.472538860103626,26.8,9277.690110913212,9348.5234375,38.15544041450777,61,4892.6171875,4892.6171875,18.212051813471504,20.215,723.7484980813259,38.880829015544045,241.57389565050605,1240,1240.0,0.0,300,0.0038903672778818296,0.0,0.26131799149850893,0.11077435631525542,0.07995154436070541,0.8766778523489933,0.9533673723908404
qwen25_3b_hf_8bit,exp_20260303_220647_2451737990816,qa,7.347141829148066,27.22146987915039,136.10734939575195,,200,14.066666666666666,25.7,9317.15947561553,9435.44140625,38.02272727272727,67,4892.6171875,4892.6171875,17.895340909090905,22.748,488.27418567764755,38.833333333333336,173.53936479806902,837,837.0,0.0,200,0.0,0.3388784144451417,0.528352457811747,0.10835638123330009,0.2601692616770666,0.5385906040268457,0.7316192521712565
qwen25_3b_hf_8bit,exp_20260303_220716_2451737990816,reasoning,7.758650163882343,77.20415115356445,128.88839925469858,,599,13.686666666666667,33.5,9329.03515625,9423.7265625,39.04266666666667,70,4892.6171875,4892.6171875,18.812536,20.36,1453.831034178854,38.965333333333334,476.7194827526808,1010,1010.0,0.1,600,0.00951258287764919,0.0,0.2192727186772234,0.1590386480988891,0.06958684875422669,0.9620991253644315,1.0336936739737035
qwen25_3b_hf_8bit,exp_20260303_220836_2451737990816,reasoning,7.585658401232643,42.053040504455566,131.8277131801115,,319,14.209313725490196,28.5,8929.7119140625,9281.484375,39.36274509803921,52,4892.6171875,4892.6171875,18.537348039215686,19.597,780.2265670087334,38.94607843137255,270.05131468176853,548,548.0,0.1,320,0.006674849466234986,0.46410240091447985,0.586353762955024,0.1642222058593426,0.3178067889473451,0.5131195335276968,0.7557420748639836
qwen25_3b_hf_8bit,exp_20260303_220920_2451737990816,reasoning,7.5261542871802884,52.882253646850586,132.86998403731303,,398,13.586770428015566,29.8,8910.176997203307,9002.46484375,37.988326848249024,68,4892.6171875,4892.6171875,18.18546692607004,20.034,962.8854913089277,38.89105058365759,324.3877478170394,685,685.0,0.1,400,0.005698752049938374,0.32112359522124984,0.4868137035482604,0.1419639851030784,0.24466069045082844,0.6462585034013606,0.8574739272022159
qwen25_3b_hf_8bit,exp_20260303_221015_2451737990816,reasoning,7.1787512654386765,44.43669772148132,139.2999928573082,,319,14.185581395348835,28.0,8962.11687863372,9105.734375,37.01860465116279,57,4892.6171875,4892.6171875,17.589474418604652,20.931,782.3612226034405,38.7953488372093,284.5761311495303,430,430.0,0.1,320,0.0,0.43263081959171945,0.5851904814700146,0.12625967476065542,0.3053463903185202,0.39844509232264336,0.5796395373710925
qwen25_3b_hf_8bit,exp_20260303_221102_2451737990816,reasoning,7.233564313470504,55.297773361206055,138.24443340301514,,400,12.929477611940296,35.0,9012.544149370337,9108.796875,37.048507462686565,51,4892.6171875,4892.6171875,18.167902985074626,20.904,1005.5616971219781,38.6455223880597,320.6508089607956,627,627.0,0.1,400,0.0008991458055511007,0.2892313312731959,0.4635572868242418,0.12674394028916594,0.22619624375145175,0.5898931000971818,0.765361348825882
qwen25_3b_hf_8bit,exp_20260303_221200_2451737990816,summary,7.499239420543407,33.336714029312134,133.34685611724854,,250,12.16604938271605,24.6,8674.97834683642,8851.2265625,37.34567901234568,86,4892.6171875,4892.6171875,18.421296296296298,23.284,614.8323404365779,38.01851851851852,183.507089202404,449,449.0,0.7,250,0.10536838299002733,0.06049790113506155,0.26490071473932675,0.42964055500928655,0.13976693795832743,0.6414285714285715,0.7485679409838105
qwen25_3b_hf_8bit,exp_20260303_221235_2451737990816,summary,7.396125929402712,27.041183710098267,135.20591855049133,,200,11.64469696969697,25.6,8691.064305160984,8746.64453125,36.90151515151515,79,4892.6171875,4892.6171875,18.375068181818182,25.227,497.5767564980985,37.96969696969697,142.64818063080318,347,347.0,0.7,200,0.10354969401984379,0.24141224820677704,0.4062023663437294,0.42453070528291764,0.23570426197308944,0.4957142857142857,0.6531280761056051
qwen25_3b_hf_8bit,exp_20260303_221305_2451737990816,summary,7.0255739207094114,35.44194436073303,142.337125946719,,249,13.890697674418604,52.9,8754.460278888082,9187.17578125,37.616279069767444,72,4892.6171875,4892.6171875,17.60568604651163,19.443,624.687250813842,37.83720930232558,222.80137869000433,410,410.0,0.7,250,0.09701399395155388,0.0,0.25302481880373195,0.4327536530150237,0.11471304322174114,0.5857142857142857,0.6653892153840792
qwen25_3b_hf_8bit,exp_20260303_221343_2451737990816,summary,7.37681579576005,33.754401206970215,135.55984420469966,,249,14.021341463414634,25.8,9007.203744283537,9077.33984375,37.76829268292683,87,4892.6171875,4892.6171875,18.32835365853659,20.943,619.9350994162558,38.792682926829265,214.16748008251184,422,422.0,0.7,250,0.10320910689899113,0.048494845126322426,0.25875151273675107,0.4345024821929635,0.1334575501185185,0.6028571428571429,0.6991756565127086
qwen25_3b_hf_8bit,exp_20260303_221419_2451737990816,summary,7.349404753125769,27.077022790908813,136.06544116034578,,199,12.711363636363638,24.3,8981.144679214016,9035.6875,36.79545454545455,78,4892.6171875,4892.6171875,18.382969696969703,25.387,498.6156214414834,38.35606060606061,155.7991638636589,401,401.0,0.7,200,0.10272563804977741,0.240382342293259,0.40495045724598255,0.42331053901850363,0.23469009508168343,0.5728571428571428,0.7517731157046811
qwen25_3b_hf_8bit,exp_20260303_221448_2451737990816,translation,7.495751776947313,40.02267003059387,133.40890010197958,,300,12.901030927835052,24.2,8952.180996295103,9013.83984375,37.84020618556701,71,4892.6171875,4892.6171875,18.43336082474227,21.357,738.8400528085236,37.97938144329897,233.44247623264792,623,623.0,0.2,300,0.0,0.0,0.25119817780740167,0.1735833934610208,0.0753594533422205,0.40360240160106736,0.4425256352081938
qwen25_3b_hf_8bit,exp_20260303_221530_2451737990816,translation,7.753520161591811,38.692102909088135,128.9736763636271,,300,13.095212765957447,28.3,8996.933552194148,9057.4921875,38.37765957446808,53,4892.6171875,4892.6171875,18.43022340425532,19.424,714.308654672384,38.22872340425532,228.99409454047682,968,968.0,0.2,300,0.0048033568210455405,0.03469404522365867,0.27730298252361485,0.18225110034291547,0.09552045105260026,0.6337558372248165,0.7039587030303779
qwen25_3b_hf_8bit,exp_20260303_221611_2451737990816,translation,7.708811730895073,38.91650366783142,129.7216788927714,,300,13.361904761904762,25.8,8858.79365079365,9044.44921875,38.592592592592595,60,4892.6171875,4892.6171875,18.39459259259259,20.81,717.0792564296723,38.523809523809526,234.39421171545976,1517,1517.0,0.2,300,0.003970242450400005,0.02884287849465324,0.27435467858190604,0.18571740354020935,0.09254736410312778,1.0,1.1008742691252464
qwen25_3b_hf_8bit,exp_20260303_221652_2451737990816,translation,7.734016860972292,31.031739950180054,129.29891645908356,,240,13.43046357615894,26.3,8804.806860513245,8848.78125,38.980132450331126,61,4892.6171875,4892.6171875,18.398854304635762,23.05,571.641184336305,38.27814569536424,188.28539893805979,807,807.0,0.2,240,0.00443992469498063,0.23443517412307038,0.42912092750217,0.19196740021210132,0.20084280036556437,0.5263509006004002,0.662851298663245
qwen25_3b_hf_8bit,exp_20260303_221726_2451737990816,translation,7.54653254316033,39.75335669517517,132.51118898391724,,300,13.329533678756478,24.9,8811.128784812176,8923.37890625,37.968911917098445,56,4892.6171875,4892.6171875,18.365274611398963,21.738,730.7459131766556,38.36787564766839,239.71470384657383,1214,1214.0,0.2,300,0.0009462686438587684,0.007022245542770602,0.25981146324931037,0.1756590777491324,0.0804286200951678,0.7978652434956638,0.8690728447108296
qwen25_7b_hf_4bit,exp_20260303_231029_2405126166176,code,13.084574567056931,91.55819272994995,76.42587039227875,,1198,11.534999999999998,28.1,9692.639009232955,12893.39453125,42.50454545454546,100,5877.240926846591,6588.6171875,51.64473636363637,590.006,4929.718513014794,44.527272727272724,476.1472078227996,5528,5528.0,0.1,1200,0.15034853208874815,0.7562508794793165,0.5912441073446758,0.3137053072452463,0.46438790888269693,1.0,1.8511319973348184
qwen25_7b_hf_4bit,exp_20260303_231203_2405126166176,code,22.3429183473922,28.554908990859985,44.756910643981165,,638,11.601438848920862,25.4,9410.666676034172,9504.34765625,65.4748201438849,100,6677.322223471223,6678.6171875,66.99377697841726,71.811,1917.6714659498932,51.24460431654676,150.0788865691424,2683,2683.0,0.1,640,0.2912523385766786,0.9330885825573718,0.8533534302442215,0.6349471913456607,0.6524335392711494,0.4751890795056263,1.3569199933255327
qwen25_7b_hf_4bit,exp_20260303_231234_2405126166176,code,21.292951004518294,29.11761736869812,46.96389898177116,,620,11.278873239436622,22.2,9402.825126540492,9485.14453125,62.401408450704224,70,6678.6171875,6678.6171875,65.77216901408451,73.922,1924.184672539949,52.147887323943664,148.66168366670612,2107,2107.0,0.1,640,0.2752727639563037,0.9315091719118607,0.85278664886845,0.5919651819319109,0.6453978518166146,0.3689356207341819,1.0393126387823342
qwen25_7b_hf_4bit,exp_20260303_231305_2405126166176,code,18.928225509263772,42.264923334121704,52.83115416765213,,800,11.061650485436893,23.8,9395.221727093447,9482.09375,55.28155339805825,100,6678.6171875,6678.6171875,60.50317961165048,72.155,2564.729991522668,51.800970873786405,210.9680177074671,3927,3927.0,0.1,800,0.2392837327120618,0.8946072955236712,0.7970461849176501,0.49239320542893333,0.603209537217221,0.7046670356022874,1.7568431440436958
qwen25_7b_hf_4bit,exp_20260303_231350_2405126166176,code,20.801654340705497,38.45847964286804,48.07309955358505,,800,10.989304812834225,25.0,9338.918073195187,9440.296875,61.844919786096256,100,6825.034299799465,6826.6171875,64.83351871657753,81.215,2502.8016901273727,52.4331550802139,190.84846995770926,3147,3147.0,0.1,800,0.26779566311748204,0.905291226888976,0.8024352060363134,0.5841826251485498,0.6194361951245796,0.5607821435159565,1.4614312345149878
qwen25_7b_hf_4bit,exp_20260303_231430_2405126166176,creative,15.536315561259283,32.18266248703003,64.36532497406006,,500,10.278205128205126,25.8,8876.35186298077,9442.6171875,42.256410256410255,61,6826.6171875,6826.6171875,53.74664102564103,74.136,1736.731451874614,50.60897435897436,150.08375859260556,830,830.0,0.8,500,0.20619441733568822,0.7819894135858607,0.6265620497588025,0.2281984988103919,0.5050432059376743,0.9100877192982456,1.822111772962265
qwen25_7b_hf_4bit,exp_20260303_231505_2405126166176,creative,22.261975480269697,22.459821701049805,44.91964340209961,,500,11.668181818181816,27.9,8632.593998579545,8691.71484375,63.59090909090909,100,6826.6171875,6826.6171875,65.77878181818184,70.685,1481.3323683615924,52.38181818181818,118.5769961321354,863,863.0,0.8,500,0.31094118409917326,0.8487567795161008,0.6817838939081348,0.5714136481157452,0.58353867566694,0.9462719298245614,2.2423415096786763
qwen25_7b_hf_4bit,exp_20260303_231529_2405126166176,creative,17.87331978468549,27.97465753555298,55.94931507110596,,500,11.545588235294119,25.7,8726.38347311581,8784.73046875,49.94117647058823,98,6826.6171875,6826.6171875,58.029919117647054,68.672,1631.5384185899488,51.463235294117645,146.35025491654875,790,790.0,0.8,500,0.2425913864456759,0.8108860511649368,0.6493066626592836,0.3518258782973113,0.5350943687255365,0.8662280701754386,1.8450572334212598
qwen25_7b_hf_4bit,exp_20260303_231600_2405126166176,creative,21.828489924795115,22.905844688415527,45.811689376831055,,500,11.148214285714285,25.7,8715.48158482143,8803.6484375,62.00892857142857,100,6826.6171875,6826.6171875,64.35225,71.326,1478.727449065924,52.32142857142857,115.67465735971925,912,912.0,0.8,500,0.30418999374441075,0.8456939113002923,0.6823471239925516,0.5459638035047399,0.5800883080856174,1.0,2.3493196835436208
qwen25_7b_hf_4bit,exp_20260303_231625_2405126166176,creative,19.54201453502809,20.41754698753357,51.171796961237014,,399,10.118999999999998,22.9,8718.250859375,8806.2265625,55.63,68,6826.6171875,6826.6171875,60.64036000000001,70.982,1240.7840629848242,51.87,93.72509673714639,618,618.0,0.8,400,0.2685799707509178,0.8627812098373331,0.7337947345391453,0.44334386670496984,0.5864047716133106,0.6776315789473685,1.6233222965383522
qwen25_7b_hf_4bit,exp_20260303_231647_2405126166176,math,20.36960902928961,19.58800482749939,49.0927439285699,,399,10.38125,18.8,8714.913167317709,8766.375,58.333333333333336,99,6826.6171875,6826.6171875,62.063229166666666,73.579,1223.4279061182735,52.104166666666664,92.29785495936865,1352,1352.0,0.0,400,0.2829694626323211,0.7669795712240901,0.34438401060345875,0.6509784894064371,0.4465968596011931,0.4879105016239625,0.8837552827119757
qwen25_7b_hf_4bit,exp_20260303_231709_2405126166176,math,20.724911986814934,19.252192735671997,48.251109613213025,,399,10.601063829787234,19.9,8716.015541888299,8754.64453125,57.819148936170215,85,6826.6171875,6826.6171875,62.61594680851064,86.346,1212.8885887831452,52.138297872340424,92.67305204987527,1618,1618.0,0.0,400,0.2883067104246073,0.7711066209891905,0.35006889696237,0.6452403811411523,0.45167533955531103,0.5839047275351859,1.0637264831937718
qwen25_7b_hf_4bit,exp_20260303_231731_2405126166176,math,15.812864633431802,20.173447847366333,63.23964842434587,,319,9.477777777777778,24.2,8716.466066919193,8751.00390625,43.64646464646464,66,6826.6171875,6826.6171875,53.78584848484847,71.767,1091.0451082514526,50.04040404040404,86.68878470599653,1226,1226.0,0.0,320,0.21451950055996413,0.7597846174495745,0.41579102282418257,0.4870784506883488,0.43848049230611275,0.44243955250811984,0.791643236000357
qwen25_7b_hf_4bit,exp_20260303_231753_2405126166176,math,20.218319745051605,29.626596450805664,49.460094241745686,,599,10.4375,23.3,8716.676920572916,8806.91015625,58.13194444444444,100,6826.6171875,6826.6171875,62.720569444444436,71.127,1861.8878758949036,51.395833333333336,140.17702590465544,2771,2771.0,0.0,600,0.28069684322065097,0.6436076968658568,0.0,0.6487310636692005,0.3053610463480174,1.0,1.4333581684143362
qwen25_7b_hf_4bit,exp_20260303_231825_2405126166176,math,20.068583471760324,15.895491600036621,49.82912727284207,,319,10.188461538461539,19.9,8717.77373798077,8767.453125,56.5,98,6826.6171875,6826.6171875,60.498,71.405,968.6241235126258,51.34615384615385,73.57165546238423,1145,1145.0,0.0,320,0.2784475526444753,0.812359669853365,0.48182465328206686,0.6305191654536633,0.49963431799841973,0.4132082280765067,0.8292254808684341
qwen25_7b_hf_4bit,exp_20260303_231843_2405126166176,multi_turn,19.319825201617043,62.06060290336609,51.760302671698156,,1199,10.332781456953642,21.5,8728.66181187914,8772.25,53.57615894039735,100,6826.6171875,6826.6171875,60.71513245033113,74.169,3772.898381040573,51.920529801324506,289.34891987442955,496,494.25,0.2,300,0.1959485095809685,0.693725723586464,0.11276191217651096,0.5316424972077178,0.32032569456127985,0.5545350172215844,0.8185530659467857
qwen25_7b_hf_4bit,exp_20260303_231947_2405126166176,multi_turn,20.52597227020933,35.0775101184845,48.71876405345069,,720,10.719883040935674,23.1,8655.74518000731,8761.3984375,56.29824561403509,100,6826.6171875,6826.6171875,62.32630409356725,70.451,2190.7898907159565,52.16374269005848,170.096165691018,415,384.3333333333333,0.7,240,0.21532772140624007,0.8554100857075898,0.5233916466076458,0.5667610401229491,0.4997716082570667,0.46153846153846156,0.9241713498688157
qwen25_7b_hf_4bit,exp_20260303_232025_2405126166176,multi_turn,20.023162019542102,44.898003578186035,49.94216193346611,,899,10.476146788990826,21.9,8607.26687930046,8699.765625,55.45412844036697,77,6826.6171875,6826.6171875,62.30236697247707,71.622,2800.5426711590294,52.41743119266055,212.41598118066767,468,505.0,0.7,300,0.2072490495681776,0.7965650810446635,0.3651328269165817,0.5558708045268387,0.4314089922156446,0.5223880597014925,0.9201457550130417
qwen25_7b_hf_4bit,exp_20260303_232112_2405126166176,multi_turn,18.46919868410993,38.983824491500854,54.144200682640076,,720,11.166666666666666,30.0,8623.86578207672,8719.54296875,50.16931216931217,97,6826.6171875,6826.6171875,58.52219047619048,69.589,2289.078357436419,52.15343915343915,196.73091203212738,476,438.6666666666667,0.7,240,0.18228146026649086,0.8320032081979958,0.49788128038820534,0.48768963718504915,0.47187793068245665,0.5315729047072331,1.0064127371584408
qwen25_7b_hf_4bit,exp_20260303_232153_2405126166176,multi_turn,20.603202823651806,65.28111243247986,48.53614307247573,,1345,10.61360759493671,25.1,8632.951060621044,8713.90625,58.06012658227848,100,6826.6171875,6826.6171875,64.3623417721519,78.539,4207.356881438371,52.96518987341772,312.58077648282057,822,796.3333333333334,0.2,450,0.21656858770979248,0.6744282311503296,0.0,0.5894916507952745,0.28895590442901586,0.928817451205511,1.3020250175713253
qwen25_7b_hf_4bit,exp_20260303_232301_2405126166176,qa,21.065612013713988,14.241219282150269,47.47073094050089,,300,10.598571428571429,21.0,8638.635212053572,8661.23046875,59.371428571428574,100,6826.6171875,6826.6171875,61.793599999999984,71.764,887.8644854637386,52.81428571428572,68.87270459890365,1161,1161.0,0.0,300,0.24816038569539528,0.6922038513681332,0.07520586463091575,0.4973203306946514,0.32948706907787284,0.8104026845637584,1.2055651660462559
qwen25_7b_hf_4bit,exp_20260303_232317_2405126166176,qa,20.675710541708717,9.673186302185059,48.36593151092529,,200,10.5375,16.5,8639.794677734375,8721.26953125,57.25,100,6826.6171875,6826.6171875,61.217875,69.851,600.328689115286,51.75,46.21267712652683,932,932.0,0.0,200,0.24110725962709004,0.8165467703636922,0.40127951207077767,0.45866883503232714,0.46179078858117695,0.6182885906040269,1.146074486741932
qwen25_7b_hf_4bit,exp_20260303_232329_2405126166176,qa,16.67853842810244,11.991458415985107,59.95729207992554,,200,9.303389830508474,17.6,8631.600238347457,8644.3515625,48.13559322033898,100,6826.6171875,6826.6171875,53.581830508474575,65.742,648.6755778305533,50.16949152542373,50.822308176755904,995,995.0,0.0,200,0.16880037991980293,0.7534428648270692,0.3464527859867259,0.29260835161407217,0.39748884721205974,0.6711409395973155,1.1120465913102087
qwen25_7b_hf_4bit,exp_20260303_232343_2405126166176,qa,17.68217386219165,16.96623969078064,56.554132302602135,,300,10.033734939759036,22.7,8642.40686182229,8732.3359375,50.963855421686745,99,6826.6171875,6826.6171875,55.880662650602424,70.663,954.1819519211053,50.325301204819276,77.36805241763592,1309,1309.0,0.0,300,0.18695565183207158,0.6180281627473054,0.0,0.3441380451798069,0.2601907095570203,0.9345637583892618,1.2597386701240032
qwen25_7b_hf_4bit,exp_20260303_232403_2405126166176,qa,21.16477129372878,9.449665069580078,47.24832534790039,,200,9.974468085106384,16.0,8588.939245345744,8641.28125,61.42553191489362,100,6826.6171875,6826.6171875,60.03427659574466,68.939,570.2860129457713,50.61702127659574,43.22126217126847,901,901.0,0.0,200,0.24995412835348213,0.8226310702453888,0.4353487483949283,0.5347451903100948,0.477375596933488,0.5922818791946308,1.1307816084412872
qwen25_7b_hf_4bit,exp_20260303_232414_2405126166176,reasoning,20.547364930675172,29.152156591415405,48.66804105411587,,599,10.44718309859155,19.9,8593.904764524648,8609.86328125,58.936619718309856,93,6826.6171875,6826.6171875,63.422676056338034,78.372,1856.2028949217795,51.640845070422536,137.537408169508,966,966.0,0.1,600,0.21929692536256734,0.6344336105803319,0.0,0.4812142295173009,0.2780488533191265,0.9193391642371235,1.2696737595826324
qwen25_7b_hf_4bit,exp_20260303_232446_2405126166176,reasoning,19.68815990905565,16.25342345237732,50.79194828867912,,320,10.008860759493674,22.9,8595.15001977848,8621.0546875,52.58227848101266,66,6826.6171875,6826.6171875,59.077886075949394,70.761,967.6843997043372,51.177215189873415,73.87422655105591,555,555.0,0.1,320,0.20520264272298397,0.8047364234371001,0.4841985363529165,0.37830790530195746,0.46876154502619855,0.5199222546161322,0.979092024497378
qwen25_7b_hf_4bit,exp_20260303_232504_2405126166176,reasoning,21.060069166818806,18.993289947509766,47.483224868774414,,400,10.606451612903225,21.3,8594.341271841398,8618.56640625,58.61290322580645,66,6826.6171875,6826.6171875,62.9270430107527,75.258,1199.539690443277,51.8494623655914,91.44495758056641,665,665.0,0.1,400,0.22770725611354378,0.7685617878396799,0.35784889588313556,0.47597175463479385,0.4290061075622621,0.6268221574344023,1.0960909670881733
qwen25_7b_hf_4bit,exp_20260303_232526_2405126166176,reasoning,16.000520059394496,19.936851978302002,62.497968584018814,,319,8.805154639175258,16.2,8593.405243234536,8679.53125,43.577319587628864,100,6826.6171875,6826.6171875,51.85284536082474,59.242,1036.6616145182848,49.876288659793815,79.55764644742011,505,505.0,0.1,320,0.14471109878839716,0.7561038769567553,0.4466093734549167,0.23247575924262048,0.41869841463886043,0.4713313896987366,0.8140201237660503
qwen25_7b_hf_4bit,exp_20260303_232548_2405126166176,reasoning,18.7493712386493,21.334048748016357,53.335121870040894,,400,9.76923076923077,15.8,8597.832294170674,8667.18359375,53.44230769230769,67,6826.6171875,6826.6171875,59.68151923076924,70.686,1279.3207168184517,50.58653846153846,94.46231587529186,635,635.0,0.1,400,0.1898028807027324,0.7376565971012943,0.31437219122530025,0.39223577627192086,0.3915297887790713,0.597667638483965,0.9825333984709818
qwen25_7b_hf_4bit,exp_20260303_232611_2405126166176,summary,20.064999763963918,12.459506750106812,49.838027000427246,,250,10.442622950819672,23.2,8599.614497950819,8635.3046875,56.60655737704918,75,6826.6171875,6826.6171875,59.02990163934425,71.395,737.6183007677793,51.08196721311475,59.490887585878376,417,417.0,0.7,250,0.3269999996265532,0.660445186286082,0.11693455052036386,0.6512258813288844,0.364013920892555,0.5957142857142858,0.9376584191275414
qwen25_7b_hf_4bit,exp_20260303_232626_2405126166176,summary,19.76488093653299,10.118957996368408,50.59478998184204,,200,9.82,15.7,8598.83546875,8612.41796875,56.16,99,6826.6171875,6826.6171875,57.47753999999999,70.633,588.1940265066625,50.52,45.07839417815209,329,329.0,0.7,200,0.3217065817124193,0.7277054214214401,0.29700185336167584,0.6460884955752212,0.4360948151199025,0.47,0.8363750888577237
qwen25_7b_hf_4bit,exp_20260303_232638_2405126166176,summary,15.726004321675687,15.897235870361328,63.58894348144531,,250,9.125641025641025,21.7,8597.29852764423,8635.3984375,45.256410256410255,76,6826.6171875,6826.6171875,52.13806410256411,70.381,834.6534652415515,49.1025641025641,66.16888850748539,413,413.0,0.7,250,0.2504699251884881,0.5616553325858887,0.0,0.5206489675516224,0.26868456985116185,0.59,0.8093720643040366
qwen25_7b_hf_4bit,exp_20260303_232657_2405126166176,summary,20.523376075165423,12.18123173713684,48.72492694854736,,250,10.248333333333333,18.2,8605.502669270832,8692.30078125,60.61666666666667,100,6826.6171875,6826.6171875,61.882449999999984,71.29,757.3811988962891,50.25,56.91098384320737,474,474.0,0.7,250,0.33508472192771266,0.6684419617323357,0.0931187964875908,0.6973598820058997,0.3625021162370631,0.6771428571428572,1.0612279582282544
qwen25_7b_hf_4bit,exp_20260303_232711_2405126166176,summary,20.48767437470535,9.761966943740845,48.809834718704224,,200,10.916666666666666,24.1,8608.8427734375,8642.41796875,60.333333333333336,100,6826.6171875,6826.6171875,59.2394375,70.533,582.324723134041,50.1875,48.752413973808274,337,337.0,0.7,200,0.3344550246094933,0.737964255851869,0.3040747980561803,0.6941002949852508,0.44639372601621213,0.48142857142857143,0.871935949106747
qwen25_7b_hf_4bit,exp_20260303_232723_2405126166176,translation,17.617575531274962,16.971688270568848,56.76149923267173,,299,9.663855421686748,21.1,8603.982115963856,8631.4140625,49.10843373493976,100,6826.6171875,6826.6171875,55.14580722891566,69.49,942.4042929407361,49.397590361445786,74.61084215462209,931,931.0,0.2,300,0.18861401967050054,0.6010458177615438,0.03457763680256017,0.35531021013652464,0.2661326442374314,0.609072715143429,0.8322353580213134
qwen25_7b_hf_4bit,exp_20260303_232742_2405126166176,translation,16.97704290702009,17.435309648513794,58.90307313687092,,296,9.736470588235294,24.7,8598.972977941177,8694.11328125,49.37647058823529,65,6826.6171875,6826.6171875,55.79270588235292,69.199,974.8978428535464,49.2,77.10186318218707,654,654.0,0.2,300,0.17667808441583346,0.5889570619272086,0.0,0.35963293825749054,0.24735835234449596,0.4242828552368246,0.5694455011365919
qwen25_7b_hf_4bit,exp_20260303_232802_2405126166176,translation,20.62201899096088,14.450573444366455,48.49185719586059,,298,11.192957746478873,20.8,8631.60546875,8760.49609375,57.521126760563384,100,6826.6171875,6826.6171875,60.42392957746479,71.695,881.1671976171735,50.29577464788732,73.78694008290768,1165,1165.0,0.2,300,0.24459999330117344,0.6667829537395614,0.09974238631819014,0.4909847797630403,0.32779759933779484,0.7651767845230153,1.136285629852022
qwen25_7b_hf_4bit,exp_20260303_232819_2405126166176,translation,20.774455677449513,11.55264925956726,48.13603858153025,,240,10.36315789473684,16.6,8670.970668859649,8760.6796875,61.21052631578947,96,6826.6171875,6826.6171875,60.47824561403509,69.419,701.6079939118624,50.75438596491228,54.57255083262921,857,857.0,0.2,240,0.24744055809282772,0.7423452542782824,0.29081824435583187,0.5504850723935861,0.40892527282736535,0.5597064709806537,0.9478130509004554
qwen25_7b_hf_4bit,exp_20260303_232833_2405126166176,translation,18.742884432909857,15.899367094039917,53.35358085248294,,298,9.982051282051284,23.4,8665.872546073719,8712.265625,53.48717948717949,100,6826.6171875,6826.6171875,58.222641025641025,69.103,931.4795031186342,49.98717948717949,72.0365639805794,1007,1007.0,0.2,300,0.209583465539147,0.6290061955519408,0.04620312603431757,0.4259278403804405,0.2863961826915363,0.6597731821214142,0.9256075853948929
qwen25_7b_hf_8bit,exp_20260303_224034_2093745559200,code,3.31862098051437,360.9933183193207,301.3299819026049,,1198,9.612871853546908,48.5,11398.688673215818,13345.35546875,70.43192219679634,99,7934.056971360126,8176.6171875,32.23811956521739,590.006,11724.040240764143,40.609267734553775,1562.8518562120184,4019,4019.0,0.1,1200,0.001719353158164892,0.0,0.0,0.7042728230454136,0.0006877412632659568,0.7216380741560597,0.724887732040217
qwen25_7b_hf_8bit,exp_20260303_224638_2093745559200,code,3.3358862416593635,191.8530650138855,299.7704140841961,,640,9.090557939914165,35.4,11399.041325777896,11583.84765625,74.87231759656652,100,8170.636500804721,8176.6171875,31.884048283261798,42.76,6118.694564748165,40.141630901287556,786.5621859169003,2354,2354.0,0.1,640,0.001982115167554187,0.4747430946050187,0.4877790209784819,0.7663722538822159,0.2895494807420719,0.41449916989485336,0.5892134970380646
qwen25_7b_hf_8bit,exp_20260303_224952_2093745559200,code,3.294266744548425,190.63422870635986,303.55768902286604,,628,9.108864864864866,22.2,10900.595333614865,11151.8359375,76.17945945945947,100,8170.6171875,8170.6171875,31.864104864864863,48.659,6076.580181244853,40.10378378378378,782.0638359582427,2160,2160.0,0.1,640,0.0013487032197822184,0.47816412602210406,0.4914438284572169,0.7846527803670444,0.2914218676317092,0.3787124146836377,0.5409466238591464
qwen25_7b_hf_8bit,exp_20260303_225305_2093745559200,code,3.3384595482172217,239.63147926330566,299.5393490791321,,800,10.265603448275863,43.6,11021.464651804958,11240.7578125,76.86724137931034,100,8170.623316271552,8177.7265625,32.059575,45.862,7684.258745899083,40.50689655172414,1109.6091050916916,3185,3185.0,0.1,800,0.0020212786181524147,0.3406385760601043,0.3515431119553759,0.7942714881435621,0.20846301785190502,0.5677919203099059,0.7208549738546572
qwen25_7b_hf_8bit,exp_20260303_225707_2093745559200,code,3.205647718720628,249.55954933166504,311.9494366645813,,800,9.470743801652894,30.3,11060.768356146695,11376.13671875,77.50330578512397,99,8170.6171875,8170.6171875,31.79230578512396,48.972,7934.689214921468,40.13636363636363,1065.2869566339248,2590,2590.0,0.1,800,0.0,0.3127724553963431,0.32975057032398397,0.8031669206491042,0.1927569077160981,0.4580335731414868,0.5726981085071035
qwen25_7b_hf_8bit,exp_20260303_230118_2093745559200,creative,3.4232968097248224,146.0580334663391,292.1160669326782,,500,8.8688293370945,24.1,10654.205400431947,11021.06640625,74.4132581100141,95,8170.6171875,8170.6171875,31.719225669957684,41.597,4634.558855821847,39.92242595204513,583.7603664046526,725,725.0,0.8,500,0.017543851406481004,0.0,0.0,0.7455163614365956,0.007017540562592402,0.7949561403508771,0.8025625301586955
